,x1,x2,y
679,-2.308738070192503,-2.136986846078726,1.0
191,2.0771181762763056,1.075441443613045,0.0
965,2.749135797715639,2.3999902364775014,0.0
215,2.430966004263778,2.176589361097854,0.0
335,-1.6150272877282101,-2.358050473471681,1.0
392,-2.142243790952457,-2.1820267451163606,1.0
985,1.5804666961338905,0.7525983696118101,0.0
545,1.9178594116638195,1.9540675850318265,0.0
154,2.7031880405254483,2.286563200461791,0.0
804,2.0632383583284093,1.10793566404522,0.0
405,-1.9406495217832145,-1.8544679476709172,1.0
503,-2.1694661449050394,-0.6659751742998254,1.0
551,-2.3075318109748206,-3.5924590416858075,1.0
704,1.964822711473401,1.8086470676344482,0.0
825,1.803522022110203,2.134446296064203,0.0
282,-1.517003423173983,-2.3466235428581736,1.0
721,-2.847383628285451,-2.47008178741442,1.0
509,-1.486301299574646,-1.648011266968604,1.0
63,-0.8548165353853518,-1.9301296844707732,1.0
884,-2.451952748217717,-2.4821569056579476,1.0
840,2.7106376918576385,1.4829271089950182,0.0
716,2.561305572500108,2.5749477664887843,0.0
920,-2.125247352667052,-2.4983581046270604,1.0
435,1.1797042562183804,1.1533503849094955,0.0
200,2.5261220368716577,0.9215830955519049,0.0
485,-1.552347492051531,-2.5858509004796426,1.0
16,1.990634091337023,2.5145118838508527,0.0
390,3.171617635965669,1.6771967312341407,0.0
344,1.5584607453817014,2.680775705005596,0.0
615,2.609971922541954,1.4566684358673083,0.0
719,1.8398381523765333,1.8542010478414186,0.0
608,1.7291315187967053,0.8230210341900615,0.0
257,-1.9354769266234424,-2.130112846699994,1.0
596,2.192687313088385,3.2713159269210488,0.0
591,-1.8569043796085023,-1.319223059723083,1.0
651,3.2299304281619916,1.2580836889635916,0.0
983,0.08471609755964704,2.1792432838970237,0.0
590,1.7210653249109287,2.2277079324241837,0.0
684,1.970972753007312,2.9272779476565853,0.0
68,1.9932047428265303,2.5717125360995525,0.0
945,-2.119953689477563,-1.0028993320440875,1.0
97,1.955088070020874,2.3953913440810553,0.0
949,2.7030311754195986,3.0719013560459567,0.0
848,1.5244801293899393,2.1705743283259804,0.0
796,2.4780559982081867,3.0540401175183014,0.0
728,1.2051409129358803,3.4518269179819683,0.0
703,1.731795205943015,2.5544577882894863,0.0
203,-1.2827980594588433,-2.3568977917525267,1.0
587,-1.1524189628935524,-1.7538654954691,1.0
814,2.273064665353459,3.2041227859202763,0.0
640,-1.5433970199429572,-1.5887754604213729,1.0
274,-2.8421814805216297,-2.3965247752305894,1.0
727,2.1176159001638872,2.4297506897539,0.0
17,-1.9744412650328327,-1.5697888771989588,1.0
810,2.131690554975851,4.074458829851396,0.0
359,-3.247066217718251,-2.4954196041990304,1.0
319,1.2890154566640948,3.0520732593932447,0.0
816,-2.8022177805290633,-1.7265080725139628,1.0
897,3.4076282023336004,0.9219954874368061,0.0
907,3.393617906905207,2.303121919330063,0.0
655,0.6900762504598059,1.3930318274468636,0.0
141,2.263553134040671,1.8326908701430187,0.0
682,1.7832635910218393,1.6741892093021353,0.0
494,2.478050168249201,2.809114803371367,0.0
139,1.7414768060618604,1.4547159512329584,0.0
697,-2.2234010961453974,-2.5560030831321146,1.0
329,-2.1112291563965426,-1.088108492346342,1.0
758,2.5188931988092165,0.7190536105809033,0.0
199,-2.1750639148832827,-1.548980559359871,1.0
566,-0.47752549210867423,-2.0653401318929356,1.0
953,1.4851561709424435,2.5923308492302652,0.0
805,-2.4558231496906693,-2.143186344729165,1.0
626,-2.8756746825951405,-1.4360477981431399,1.0
370,1.3132069263026174,1.8426002995922108,0.0
462,1.7136436873073155,2.21889318110589,0.0
332,2.415385853536692,1.9530432973260536,0.0
474,2.6635400854972193,0.4092952186684553,0.0
117,1.2920278548164181,1.814060175252502,0.0
877,2.1415517584889994,2.7684996188011635,0.0
550,-2.773992884532089,-1.5861186590106706,1.0
671,1.7123765569446638,2.7099457988447075,0.0
420,-1.2690031070088956,-2.179970655368763,1.0
895,-1.4247967313172012,-1.8932618858016566,1.0
242,-1.6896647303338883,-0.7773358442479661,1.0
719,-1.8609148078323194,-1.45934784119157,1.0
619,-2.337819075117511,-2.1703910427298885,1.0
447,-2.29235710487378,-1.8046707687386008,1.0
609,-2.369930885500038,-1.5058064840290253,1.0
100,-1.296411104297917,-2.7318386827660253,1.0
236,-1.9787836206849168,-0.7603033709783895,1.0
809,1.3283104129773973,2.64880537297495,0.0
220,-2.7873351380761004,-1.443819296043953,1.0
217,-1.9796654481800804,-1.2394639418142792,1.0
898,-1.7278243882592816,-1.232527174807403,1.0
282,1.0617863244376866,1.6802360175697506,0.0
959,1.9908302893700598,1.4616535438826626,0.0
108,-1.428051145343609,-1.8116030098064067,1.0
553,-1.8714713352913857,-2.397390627784323,1.0
288,2.205557331027325,2.259173394881131,0.0
112,-2.608453335848249,-1.4862318768055842,1.0
900,0.9968803712777634,2.4208443027913806,0.0
688,-2.205483924778742,-1.7786925171966392,1.0
28,2.4226814460358996,1.3367775315202002,0.0
331,3.6392228657364214,1.6020707124061995,0.0
993,-2.218998802539894,-1.964744313893281,1.0
531,2.4995119847717837,1.676130642496662,0.0
836,1.6867572878056494,3.2377771772915764,0.0
752,1.8270094121968257,2.6150366295647016,0.0
54,-2.777319340481643,-1.4022918286462585,1.0
888,1.7657756830762477,3.247107090403467,0.0
709,1.5110268454720768,2.1694033181983077,0.0
864,-1.8627616297809455,-2.876811413108691,1.0
724,-1.458535645529469,-0.8615125429827821,1.0
361,-2.269012991884315,-2.598047319051231,1.0
922,2.308982070707308,0.7205181252765771,0.0
202,1.5157082161842463,1.3273115766993098,0.0
560,1.4700363699193637,1.9200132822893456,0.0
662,-0.6665023461073092,-1.787438820803174,1.0
702,-1.5010702717256474,-2.7457972994041935,1.0
557,-1.3835685905895225,-1.5479163692720534,1.0
813,0.326685227630358,1.6160192534364455,0.0
570,-1.923237676208647,-1.2481871996429654,1.0
868,0.9571174987594631,3.1452782905708565,0.0
744,1.6195979224926982,0.8572558076485743,0.0
804,-1.4329236951316027,-2.0798758234087025,1.0
190,2.66087605568124,3.0437238953432013,0.0
401,2.7684121770755823,2.946388854758073,0.0
805,2.234838395373662,1.2297574629586612,0.0
495,1.4479989990233046,1.823693223883455,0.0
238,1.4404225559509451,2.7581864975495574,0.0
212,-2.513781900226951,-1.7860229002600492,1.0
14,-1.400282754836808,-2.516263732610892,1.0
599,-1.151201084543141,-1.63542068072459,1.0
905,2.3302916383014174,0.8377217128580119,0.0
342,-2.6178077926333128,-2.8087496834806447,1.0
638,-2.47614362310311,-2.3510775036986438,1.0
13,-2.459395643367731,-2.022598341277149,1.0
289,2.3799186626974165,1.9243823059051004,0.0
262,-2.1719164018198587,-1.609094245284193,1.0
276,2.8617377955753445,2.512998577213116,0.0
928,2.642167155985401,0.9191467626854415,0.0
231,2.735266534348463,1.7260965131521633,0.0
209,-1.8159961705256404,-2.309060988108377,1.0
266,-1.3048891096050768,-1.4786077316643154,1.0
863,-2.010910516177309,-1.6042619035708365,1.0
509,0.8997270472512247,1.0032963493950229,0.0
218,2.8527025141985756,1.1284461316506014,0.0
692,2.0705072965624702,2.183296529588537,0.0
795,2.095102013370936,2.104738036205157,0.0
61,2.275484685366582,1.656553816147615,0.0
362,-2.2964615086952223,-1.9648926482718887,1.0
739,-2.2325384385980924,-1.0523278702863976,1.0
546,-1.362759246881145,-2.32406213862322,1.0
682,-2.5289063836520915,-3.2567883617476494,1.0
971,-2.035794439092757,-2.3090984644153494,1.0
641,0.7851427242667752,1.4473424860382942,0.0
765,-1.9509280186322853,-2.018733890350543,1.0
612,1.9707720405535902,2.5008173971971237,0.0
917,-1.5498661406325043,-2.052388228050755,1.0
594,2.002278563431138,1.5808649480526955,0.0
238,-2.510261855394906,-1.2274798106614346,1.0
322,1.93195880655291,1.7505724048984517,0.0
113,-1.6210913203690276,-2.337157540233097,1.0
55,-0.793478991067049,-2.4953225004384265,1.0
92,2.7073279577307114,1.9723151693680485,0.0
308,-0.4605962139237718,-2.2007830813698446,1.0
136,-2.170062292581404,-1.7211664234083597,1.0
174,-2.085470689356707,-1.7952365612625307,1.0
899,-1.3384388709343962,-1.357950758330166,1.0
515,-1.6849869262073562,-2.19868861918943,1.0
783,-1.904505283801143,-1.7049103153841858,1.0
457,1.925015540627255,2.3936180501095015,0.0
427,1.299230999042218,3.0845761489858443,0.0
65,0.8081953624329432,1.9684539673351646,0.0
334,2.2514805956810404,2.495472042436598,0.0
604,1.8516501807028556,2.6959955911131153,0.0
99,2.8028517604835548,1.140044370751835,0.0
548,1.7913319273706523,0.1614574598886236,0.0
811,2.7779432188298574,2.0929972522359552,0.0
695,-2.6341171074153165,-2.299543013794776,1.0
408,2.4325276234035966,1.0741860461540336,0.0
365,-2.75091392436837,-3.0610056407554262,1.0
410,-2.1054951387296805,-1.6329148118962138,1.0
105,-2.2594437584515843,-1.359276303961345,1.0
10,-1.8560333493858345,-2.4346487346284134,1.0
852,3.782651439784791,2.4526058960303603,0.0
665,2.447416195283553,0.059962165791598965,0.0
862,-2.1310192912117074,-2.3503191150682095,1.0
346,1.468055581137903,1.7887518145791481,0.0
630,-1.5109516087667538,-2.020650683117791,1.0
597,-0.9720271663837701,-2.025622998007364,1.0
691,-1.9732397574434195,-2.6625951132545627,1.0
159,-2.0646773098181206,-2.044866753769974,1.0
792,2.202098142255966,3.185176358564208,0.0
46,-2.3468133404475773,-2.471898140883417,1.0
888,-1.5462467238622846,-2.0249043403305094,1.0
329,3.049539527498304,3.2021872422865494,0.0
419,1.7950488037585564,2.2155305007065556,0.0
438,2.009062750050452,2.486654248339959,0.0
326,1.960191529938348,0.5995926400672549,0.0
659,2.32115650198999,2.2501409362460443,0.0
366,-2.58644726707242,-1.5384200149310379,1.0
903,-1.583224338239512,-1.4226273544255101,1.0
602,1.642386995580941,2.567521192588914,0.0
166,-1.6431990542912596,-1.9952510280787972,1.0
952,-2.355845706792892,-2.134292523212415,1.0
239,2.1411102421516808,2.501631150612859,0.0
386,-1.6806648770149928,-2.399650512514626,1.0
543,2.0298266517611285,2.1455093671319765,0.0
540,2.705377964406878,1.0664735959444385,0.0
941,2.0444114605010753,1.6549420527400729,0.0
669,-2.542155672652103,-2.1337422423514663,1.0
826,-1.3373823287067925,-2.3096763750654734,1.0
648,1.8994334111790934,1.4739726190897469,0.0
248,1.2555577729437402,2.794844958558756,0.0
853,-1.8767176050428327,-2.2569715266629,1.0
807,0.5053768986822584,2.4226347751118724,0.0
612,-2.0939233763870604,-1.1862748749204195,1.0
640,2.9896873293713555,2.343374298311743,0.0
121,-1.7893043005831915,-1.453312693870626,1.0
768,-1.1055397641726799,-1.792881206851989,1.0
538,1.8497127833579574,1.8465050345355336,0.0
169,2.5681874279496593,2.1272182381948257,0.0
790,-2.8156681496476934,-1.4323453648236764,1.0
724,1.0530716616081732,2.0996543247234696,0.0
170,-1.4795628308113777,-1.7445232156453727,1.0
622,1.2881392067817914,2.4690815324729725,0.0
956,-2.315742006554852,-1.999116870987108,1.0
915,-2.3840465168451344,-1.926156851095053,1.0
61,-2.447374398427137,-1.8997841886387448,1.0
76,-2.282787917804049,-1.2264214944641783,1.0
452,2.168680574895384,3.118234275979141,0.0
251,-1.7108230701706748,-1.9010792158357088,1.0
629,-1.8255501191083654,-1.7301451281960616,1.0
461,1.2863922763674798,2.293493097717394,0.0
33,-2.0460557784854605,-1.9559680829792898,1.0
611,-1.6356195959070676,-1.859975427967519,1.0
636,-2.626218316585846,-2.971172093227308,1.0
34,-2.2083345030138064,-1.5537861098877266,1.0
387,2.857961823237625,1.6414529260996793,0.0
863,1.0298193241599276,1.3666719049753984,0.0
655,-1.430955524285537,-1.7398667971721693,1.0
499,2.0900190618856387,1.8788190447071678,0.0
787,2.329338270862479,2.358299105778312,0.0
550,2.1490237615800085,1.9655669167524685,0.0
691,1.8257241711671615,1.5086156515148885,0.0
168,-1.922313954144486,-2.0164623690852954,1.0
601,-2.0989405301275115,-1.8470678683274449,1.0
964,3.2036690040561364,3.1460342273103725,0.0
82,3.0771234158861382,3.8114868818214545,0.0
143,-1.8012198836655826,-2.2919343090402764,1.0
676,-2.2578670905736753,-1.1818143902071618,1.0
980,-1.770962209496203,-0.7976498461948944,1.0
739,3.2030185243841935,2.0871738829626945,0.0
559,-2.564122910497884,-1.8510306827878034,1.0
368,-2.0874575207845485,-2.3824989455411543,1.0
366,1.4557972045251883,2.23987040073024,0.0
259,-2.8769489672046555,-1.7582208580153607,1.0
725,2.148616606664356,1.9193948607353475,0.0
187,-1.9368408789788871,-2.0989659807050307,1.0
520,-2.829510986223751,-1.8495108155905533,1.0
50,1.8344214228477014,1.5497145851148089,0.0
927,-2.8489606392531925,-3.087204798395611,1.0
879,1.9813400796395064,1.886009035016926,0.0
7,-1.0753217386631986,-1.200932313603093,1.0
120,2.034919454088316,2.189518227347862,0.0
880,2.390567200809924,0.9992253058743978,0.0
675,-1.8196107576620972,-1.7757768438206736,1.0
934,-2.33197847241589,-2.005826794464731,1.0
650,-1.3723293805198158,-2.206034740634751,1.0
762,-2.4403917960030572,-1.4752790825112196,1.0
760,1.2689975866422927,2.585292924806455,0.0
425,-1.889112914311449,-2.3223659393019114,1.0
103,-2.8535375632712956,-2.339569046304139,1.0
430,-1.8184133988230462,-2.296104492735998,1.0
709,-1.7793368345379288,-1.74009019928002,1.0
974,-2.1566188894112486,-2.382116840562475,1.0
890,1.2792584586283622,2.3481774070320287,0.0
391,2.0811679282491315,2.4846290706555054,0.0
527,-2.386285956527372,-2.632947783838664,1.0
109,1.366019220996542,1.5024807034020982,0.0
772,1.9025712680930706,2.714781641591825,0.0
960,1.181231631204823,2.236409396011216,0.0
133,1.3208053891130969,2.177651456559608,0.0
740,-3.3055751567478637,-1.311501978744221,1.0
625,-1.4325970770921241,-2.411813732024564,1.0
56,1.008092345752545,2.1291741521269363,0.0
710,-2.107927945740482,-3.1983017241030502,1.0
718,1.8062875079640786,2.1674947940101412,0.0
152,1.8281859861052916,2.057605396565693,0.0
900,-2.117566038092138,-1.5540010262999016,1.0
962,1.4010791455875522,2.2805605339687505,0.0
455,1.6414450550637634,2.7055888390788776,0.0
775,3.7855945948957306,3.5137513927883592,0.0
82,-1.6579541546043268,-2.2976314485753115,1.0
901,-2.532428333736601,-2.8124191920636155,1.0
456,2.3223634256858245,1.7695016617425414,0.0
385,1.4462888438291344,2.179065546882419,0.0
389,-2.009165508784694,-1.9265985548190696,1.0
261,1.6367592677897829,1.0833080475044752,0.0
28,-1.6941110168551965,-2.3541185252674888,1.0
631,3.1213978518291685,1.8158152902129188,0.0
293,1.582390246370875,3.053476054957678,0.0
21,-1.2327570017750895,-2.0553449630172564,1.0
35,-2.1099089677393317,-1.9474158373441421,1.0
708,-1.2463340778377399,-2.5977002356284715,1.0
445,-1.5132734744453962,-1.8464443302471907,1.0
732,2.3737149967965436,2.864736925076299,0.0
172,1.343186346430487,1.4667142569624385,0.0
735,1.2053278405402246,3.2918153304774984,0.0
906,1.3063598329930688,3.2147661949195845,0.0
345,-2.348808706270126,-2.5418983805816913,1.0
848,-1.8429339938765712,-1.873257129306973,1.0
505,-1.8844299142659289,-2.3232376345664787,1.0
44,-2.223744214599598,-2.6015398723234675,1.0
654,2.4078208478236633,1.6151444891970206,0.0
310,-1.3526086825849557,-2.2722856415143573,1.0
966,-2.3905042307283626,-1.7245745427335804,1.0
545,-2.6128798924298597,-1.5070775301187773,1.0
632,1.9960057248144154,2.8619637435442327,0.0
193,3.228907633582609,2.0616971706671277,0.0
84,-1.9098462723613763,-1.9244677519222546,1.0
799,2.3384079913078097,1.2462273900472245,0.0
904,1.9511718792741122,2.367958557437097,0.0
676,2.4731838625732987,1.2971237930054602,0.0
403,-1.6560126348855304,-1.2512666952341127,1.0
91,-2.116511708637891,-2.426737908896178,1.0
564,-2.553769089237504,-1.606426551268667,1.0
428,2.6388596051819575,1.6615035886201148,0.0
118,-2.370527741753778,-1.8167710790703258,1.0
850,-1.7793384139373125,-2.4174252447781766,1.0
732,-1.0569307102836496,-2.1464826376339223,1.0
519,-1.7980248485496522,-2.112907450364061,1.0
716,-2.752423332654388,-1.8106889988128938,1.0
944,-2.287652538118802,-2.2528373068035705,1.0
342,0.9704817093319156,1.5942175066163253,0.0
67,-2.607370930812499,-0.877739298272993,1.0
700,2.57591620620605,0.6976309234917024,0.0
902,-2.2665120357658783,-2.464266445458025,1.0
72,-2.640146607868683,-1.817981322997261,1.0
64,-2.189353139128497,-1.2066406772194684,1.0
533,-1.166375103869742,-1.9109585210595896,1.0
887,-2.375445815722749,-1.7249217672327029,1.0
880,-2.7290743408668003,-1.4698492293443133,1.0
336,-2.6144423188017614,-0.9962461690726607,1.0
970,-2.500838380912,-1.5544047204327625,1.0
450,-2.9957290200963747,-1.6415679681406232,1.0
396,2.6322981036393465,1.9294768710713825,0.0
718,-2.230945334593061,-1.975337700661643,1.0
307,2.3003536604479806,3.6236531649451464,0.0
309,-1.603458909141908,-2.6639820846374382,1.0
779,2.8573727454872433,2.4820638904101484,0.0
875,1.6263540730928747,1.4774395125271038,0.0
195,1.75743064105576,1.961791365704373,0.0
74,2.218975087087728,2.1580795380345363,0.0
750,-1.2573180890763065,-1.8248516918043771,1.0
241,-2.137868096429664,-2.475627723046567,1.0
316,2.1191150752527115,2.926458167498822,0.0
411,1.4903625767263704,2.7435532780584437,0.0
3,1.2788410350419461,1.6430588316903605,0.0
326,-2.670794593130868,-1.7669665065371936,1.0
859,-2.5270924584465417,-2.592095330132985,1.0
187,1.6105675218984765,1.5846533090836223,0.0
549,3.00250053440147,2.0728643199962646,0.0
216,2.3359660316127386,1.5326825619494542,0.0
281,-2.2972067756363925,-2.5506272911251298,1.0
52,1.6523732673736875,3.0596449017154104,0.0
834,-1.4614079594929539,-1.6974573871597713,1.0
977,-1.8003227623545486,-2.7883928179300232,1.0
487,-1.40760273536111,-2.2373387622540797,1.0
52,-2.71333182063756,-1.581298167980977,1.0
903,1.7397082587895856,1.6160844860025512,0.0
115,-1.7047726258925975,-1.8113266114712874,1.0
911,-1.1557257758843735,-1.8116538261798654,1.0
915,2.6602986161819797,2.4849212153223066,0.0
518,-1.4369663758423719,-1.1703715314916558,1.0
148,-2.6621109379693033,-1.3088906170450514,1.0
235,-1.7658924838265713,-1.643535332323873,1.0
369,-2.1526206493409945,-2.2865472758112975,1.0
878,-2.4039550525399442,-2.0932570992820945,1.0
347,-3.282569119328914,-3.087305435865221,1.0
579,-1.5013773619617188,-1.5659289732823873,1.0
367,-1.9600601503404018,-1.9580378358360095,1.0
411,-2.602366816856246,-1.6457955656616998,1.0
129,2.030292088058782,0.9999131968303641,0.0
919,-1.4309800130550292,-2.1035873774434886,1.0
838,-1.9287311591188092,-1.7713976972852132,1.0
89,-0.7161991204438338,-1.3932507578117725,1.0
156,-2.9878615706147205,-2.750597672377581,1.0
791,-2.116396425108996,-1.8856549101946918,1.0
998,2.390243903937409,0.6070478062762819,0.0
784,-2.2431062768089554,-2.627335775694429,1.0
532,0.6062764951208988,1.5945042320671585,0.0
843,2.03194321551675,2.0407894347187234,0.0
733,-2.2059774729837205,-1.2457243301336258,1.0
926,1.3305613760546615,1.96221665477541,0.0
294,2.601935853875315,0.867533672744583,0.0
53,-2.915442506093421,-2.284718220719435,1.0
830,2.7405794819743603,1.3451994168629025,0.0
946,-2.236940655676077,-1.590921116546295,1.0
394,-2.0747933713153803,-2.6298719086222637,1.0
260,-2.4963337278581337,-2.000662315534786,1.0
266,2.002513625630702,0.9672098231236095,0.0
673,-1.1787500068913905,-1.5347658595631368,1.0
388,-2.0159967788573447,-2.0577941757727793,1.0
875,-1.8191102771039418,-2.2311716536956765,1.0
90,1.011029465590597,1.2558148675827217,0.0
269,-1.7010394427163626,-1.2728408717774609,1.0
87,-1.5577427978750489,-2.2234248234351153,1.0
229,-1.1287440824297146,-1.0900276715068231,1.0
368,1.7052927507701707,1.7801106517732566,0.0
830,-2.1889570901868836,-1.888507834116339,1.0
45,-2.2603091087679874,-0.5491788340906711,1.0
824,2.861358655733775,3.1989270926757527,0.0
466,2.3612317940015086,2.2904689879400824,0.0
86,2.765455303875255,2.651955031831255,0.0
914,-2.761596618356303,-2.042782561003658,1.0
575,-1.86915696335992,-1.7724595953686964,1.0
24,2.2663124597722426,1.8382633906102244,0.0
448,-2.333299107023341,-2.6180141266531454,1.0
812,-1.9977939861839182,-2.1820048289588376,1.0
835,-2.274393120181451,-2.3922352481199405,1.0
385,-2.44636151222888,-3.1324708093899343,1.0
287,2.119737142182638,1.7405023658285557,0.0
480,2.373698505871049,2.519120142730512,0.0
296,1.9020700436317697,1.281268784910219,0.0
701,2.4684813211089094,1.9667859236985428,0.0
617,-2.3092431506750897,-2.1391829385112517,1.0
818,-1.976754098284161,-3.2818778432461144,1.0
791,1.6645584593661444,2.3791306430200114,0.0
174,1.4892535214333595,3.2981803426700482,0.0
535,1.904448517644687,2.6222371559962934,0.0
404,1.6151437866119842,1.6450666338061581,0.0
996,3.240398620561837,2.660071179350454,0.0
324,-2.8225115840585837,-2.623829515899634,1.0
235,2.1631247484532685,1.2335177643787443,0.0
603,-1.7854935873091295,-2.2778541839952005,1.0
781,0.9713006034094431,1.3504967680724116,0.0
658,-2.084245220334679,-1.3860280446233864,1.0
930,-2.234327137209612,-2.225067653744783,1.0
445,2.409077706719296,1.3141763998190112,0.0
678,-2.2721117943822495,-1.9078410004969257,1.0
482,-1.771573854820402,-1.8947405277533829,1.0
771,2.4069758182221577,3.0077615666326967,0.0
271,-2.297799788769439,-2.3540881213949487,1.0
922,-3.037677187733415,-2.100604583841508,1.0
948,-1.497430542783146,-1.8083452197819918,1.0
516,-1.280392591368956,-1.9737511623734592,1.0
34,2.326274438198289,2.348136237200747,0.0
882,-1.3550609458748752,-1.1866112111762765,1.0
642,1.3791284290943064,1.8936998828063714,0.0
341,-2.3670333245167847,-1.6093036820103563,1.0
353,2.8496635613309786,2.441016613999096,0.0
833,1.4082492969483877,1.863943181467557,0.0
116,-1.6817258086937628,-1.7699064397761815,1.0
142,-2.122934192804388,-2.2782982678358232,1.0
220,1.6924533653172893,0.800989950461618,0.0
660,-1.7382217256592434,-2.4244669802600387,1.0
815,-2.03767800623647,-1.8749317794706113,1.0
756,-1.6128012691417557,-1.3388873358284838,1.0
893,-1.9648499677037627,-2.4015456869484453,1.0
246,-1.570214920347935,-2.0634807314186663,1.0
221,1.4332737256730304,2.2409541525488295,0.0
218,-1.3460375172356007,-1.4191837411994563,1.0
314,2.277023141861026,2.7856376786568173,0.0
846,2.094382206447788,2.15786144498742,0.0
582,1.9431067911646105,1.6924837341089458,0.0
620,1.8174018650995136,0.5516101142316596,0.0
935,-2.448797928225266,-2.5861537640935524,1.0
968,-1.68331189849934,-0.8673422253572245,1.0
250,-1.7751386455946072,-1.9776137745306899,1.0
104,-1.705872341161643,-2.189026661515523,1.0
130,-2.34314778933482,-1.5393629471536578,1.0
264,2.7991883542256044,2.4474749613909617,0.0
311,-1.2471611152896918,-1.6042339255221072,1.0
713,1.3689252625103174,2.007241500806122,0.0
925,-2.5609820552788474,-3.082692843955946,1.0
304,-2.1143626236781805,-1.5369937944931222,1.0
638,2.8004934140833857,1.2968897470744687,0.0
273,3.0327122577277668,3.0018499508458962,0.0
22,-0.3435842064082255,1.7417927640598552,0.0
585,0.5316296781537111,2.0576841149526963,0.0
503,1.1698092290142312,3.178516276112714,0.0
634,2.336200606827719,1.781039662645217,0.0
153,-1.3969458820306744,-2.025893099402286,1.0
605,2.094067251780286,1.6704790630874538,0.0
154,-2.633043875322203,-2.2855825973537804,1.0
358,2.002257223170446,2.959496839670858,0.0
287,-2.1862697416125245,-1.2532093116988028,1.0
206,1.8595825074202978,1.989805759620715,0.0
827,1.4743845819415067,1.4152851902010677,0.0
947,-1.6198804122753274,-2.2288785138136613,1.0
998,-2.075049377790603,-1.267050126955111,1.0
918,-2.16884103427792,-1.8443505512074347,1.0
500,2.1441457887608872,0.8682797772658215,0.0
355,2.150972540892634,1.7908545425324685,0.0
794,-0.9605573280052633,-1.3738961352785546,1.0
500,-2.188945537845906,-1.356407952042638,1.0
418,1.83418769829008,1.5225821264969528,0.0
838,0.8274450775459907,1.6148875327571235,0.0
299,1.7369416872008723,2.9530915440250594,0.0
925,1.8021651762716233,1.708059449740487,0.0
506,2.262933974695967,1.8899435329576624,0.0
871,-2.3243409133387827,-1.8823057851503213,1.0
6,3.2049590199389586,2.5782289792172772,0.0
430,2.4688537376990456,1.2444431731902519,0.0
476,-1.877396209794937,-1.2710179968036128,1.0
286,2.5864050436615864,1.1532281709895267,0.0
614,-1.8955393643941614,-1.3293746105755289,1.0
431,2.4903365491595344,2.801195903143436,0.0
743,-3.0176216692610236,-1.5725117593107885,1.0
872,1.6508989440757875,2.0221922262965104,0.0
644,2.920558267865794,2.4814542668945383,0.0
243,-2.364825408919333,-1.3199015007291104,1.0
524,-2.515883608088764,-2.068535204013837,1.0
232,-1.6703765779431579,-2.0232371948579675,1.0
94,-2.441720966547022,-1.2916870864061298,1.0
190,-2.244033883308254,-1.3936626815207713,1.0
847,2.7813438783395883,1.4274868501820377,0.0
973,0.600862923597856,1.3491826675868979,0.0
666,-2.370961516306604,-1.8899158038015114,1.0
742,0.11903181048540556,2.3603483523496913,0.0
828,1.81946867004742,1.9677742455226215,0.0
694,3.269335832497437,3.1938639724070828,0.0
688,2.0869052459287274,2.376413520641318,0.0
291,-1.6716187370942401,-1.454071722111307,1.0
566,1.8416520147425648,2.4583249273768413,0.0
563,1.4295953798422996,1.8236795093212892,0.0
382,1.6579767062683781,1.802846397885939,0.0
49,1.058023220066633,0.28994214389565953,0.0
175,-1.7418583852600784,-2.239572793980788,1.0
751,2.7243379722944523,2.580506915153955,0.0
433,-1.1633444240208595,-3.008436230987547,1.0
251,2.4774040555022094,0.909087534280195,0.0
124,-1.6663310305749912,-1.8527031063418917,1.0
298,-1.7363200552492897,-2.666988837951528,1.0
639,1.897727669390683,2.9539203467471826,0.0
2,2.2186581315241583,1.4691780780100858,0.0
683,0.8159036547471845,1.6944919478812979,0.0
250,2.3378442975470364,2.4643412486835534,0.0
242,2.2569162918080496,2.1174317862627507,0.0
931,-2.0346912176437035,-1.808634451173954,1.0
122,1.9178174564168637,2.320262922682856,0.0
459,-1.3225846130063426,-2.5307561869445276,1.0
20,-2.4675531208327945,-1.3307362950119788,1.0
786,3.750213114552836,1.8731163645773434,0.0
57,1.9359155885960035,2.600714806570317,0.0
290,-1.459422374085443,-2.2502995194034123,1.0
635,2.195819471277805,1.960551740018215,0.0
477,-1.6919679692652276,-2.1431022487885554,1.0
103,1.9505261617538925,1.8671737191545212,0.0
279,-1.0881389206964625,-1.5766814956581783,1.0
22,-1.011282982259591,-2.9811358345372563,1.0
860,1.744176220402845,2.5979048205378237,0.0
652,2.1349524064256107,1.5963186750937113,0.0
606,2.5449505465694338,2.321340755361994,0.0
141,-1.6618547064501423,-1.7586407686493597,1.0
810,-1.3236451397679265,-2.1661316954990992,1.0
905,-2.077649634562595,-1.3551749723864255,1.0
504,3.0211633346330045,2.600402072576493,0.0
884,2.367858862963366,1.6569851681321832,0.0
535,-2.0534487374865047,-2.1483609960936128,1.0
237,1.5712722146206208,0.9494080683258337,0.0
281,1.3562368062022083,1.9521333852771334,0.0
717,-1.838679105928125,-2.201199634827692,1.0
893,2.114685297169487,1.945355420314302,0.0
12,-2.4913720762410616,-1.7052866533515796,1.0
513,1.3582615594473655,2.6564115358189704,0.0
39,-2.537467826221506,-2.390362073009115,1.0
83,0.932250435413017,1.8739261934608833,0.0
947,2.274514318258864,1.239946890036983,0.0
71,1.479153433896012,1.2529660826805171,0.0
813,-1.5411811513643996,-2.307731993617042,1.0
992,1.7695466505022894,2.335407309979216,0.0
885,2.907631499508553,2.9045906638145818,0.0
593,2.0528703609115007,0.994995897550689,0.0
412,-1.0596861006616705,-1.7963963576169717,1.0
81,3.2054051751946133,1.04395994956133,0.0
637,-2.24968542879683,-1.7743355974311863,1.0
487,2.4707592210640956,2.211396855171745,0.0
815,2.2412680226424806,2.655309462680028,0.0
278,1.9324367692943067,2.7721426725013476,0.0
191,-2.3250958134156408,-2.1507139978302257,1.0
767,1.5718077947551532,1.2804726355159683,0.0
44,0.48009346803211295,2.0936413958616216,0.0
217,2.0170340575024945,1.3650169379219548,0.0
596,-1.2410889755270973,-1.21662560023315,1.0
765,0.12898384261327234,1.0997911553215811,0.0
539,1.5944315499823352,1.849270529374916,0.0
275,2.2806501137009594,2.3519994976539005,0.0
740,2.497198666796027,3.102940748785338,0.0
33,1.630009481960704,0.8930980998848161,0.0
14,2.986591489662239,0.8465187096421642,0.0
583,-2.23861404282035,-1.6626397712091168,1.0
137,-2.2256882188730165,-2.3139863990167364,1.0
763,2.5791591611241356,0.6602929067809766,0.0
782,-0.8611829037540097,-1.9919691311718084,1.0
226,-1.7667465586244837,-1.9220870068936664,1.0
756,3.340175905980508,1.6989240221142423,0.0
663,-1.8162187182586835,-2.3581067755371703,1.0
734,-1.5340199787156306,-2.8124504970235082,1.0
710,0.8343268235172185,2.7304877412716464,0.0
444,-2.160510279134211,-1.7514781332396288,1.0
645,-2.71441214565327,-1.2797007335908972,1.0
64,3.0377413222100866,1.0159528989097173,0.0
488,-0.8588568704984156,-1.8922528217473071,1.0
264,-0.9746776993693818,-2.153458811509619,1.0
924,1.843849595571439,2.996458979893222,0.0
70,-2.1644138007834437,-1.7112511376594277,1.0
379,2.0065243432164412,1.7828486453445247,0.0
773,1.1397948602221093,2.655042379143185,0.0
961,2.6023254293245524,2.8854998833054313,0.0
162,2.0992899938018654,2.8155289257011518,0.0
408,-1.9144650585163656,-2.09144594522192,1.0
746,2.383330104934282,1.3141048965899573,0.0
66,1.2626264361050634,3.310336206757114,0.0
521,-1.5725526137595975,-1.6958043710167767,1.0
650,2.6375347009515577,2.5425955392772264,0.0
571,-2.1352442570057524,-0.9477238656373141,1.0
586,1.7772907166278082,2.0892545465234087,0.0
969,1.903101184614134,2.2927725471160896,0.0
464,-2.0105474850696394,-1.7836168589535795,1.0
967,1.9169003106542908,2.7656864366829272,0.0
541,-1.754918503991694,-1.779631519967791,1.0
132,2.3353880096044373,2.638313706623157,0.0
705,-1.9348350220938433,-2.42829028216635,1.0
177,-2.5711729881770946,-1.8235565652652974,1.0
608,-2.512101239019584,-2.0455121313408235,1.0
949,-2.0756083178396985,-2.8107859491886744,1.0
364,1.9184913629736253,1.8039043136954096,0.0
230,3.8492739057550036,2.0591061029017417,0.0
48,-1.2997882125959428,-2.5365092283798907,1.0
201,-1.8670681463430996,-1.3405777994561716,1.0
932,-2.512404244199218,-1.9531190464932604,1.0
99,-1.9682051848086153,-0.8679228871294882,1.0
252,1.0526667665920497,1.6908069643588681,0.0
267,-2.5465528557208126,-1.265712760351322,1.0
752,-2.13903570712327,-1.8625777141390278,1.0
286,-1.9361142204834534,-1.3242313826347156,1.0
822,-1.7667347841826144,-2.3516758093392083,1.0
931,1.9022608641089036,3.4495249083920445,0.0
477,1.7544051893719246,1.7979917220900643,0.0
256,-1.5330036699386294,-1.7276192078860122,1.0
671,-1.7769565106663654,-2.169375303583968,1.0
310,2.164608322151291,1.5288718657398221,0.0
738,2.118699725608683,2.037322969953425,0.0
98,1.2191529587196843,1.490720445023404,0.0
321,-1.7812023856900445,-2.609331263622484,1.0
519,1.5985656933062704,2.548539311076757,0.0
299,-1.284762956838612,-1.6678874405020478,1.0
665,-1.8546632198095803,-2.1557082768032023,1.0
449,-1.9037468476799473,-2.2183365202291014,1.0
112,1.6478767308276903,2.382617414081564,0.0
362,0.9276782049221663,2.84492325174126,0.0
436,-2.06786432567274,-3.005126700435903,1.0
920,1.1941822645863311,1.4689832312718867,0.0
723,-1.5139975604094644,-0.857500215349009,1.0
881,1.259492726722163,2.3937163919501367,0.0
517,1.8434017398686433,1.213172448024154,0.0
92,-2.159863002687854,-1.9974054116491273,1.0
214,1.246243591967732,1.4402880086663936,0.0
26,1.9859697725970693,1.6884246998907053,0.0
588,1.5287843795406544,1.7881133356827796,0.0
58,-2.108841794212562,-1.1819780894821539,1.0
194,-1.5427958934851267,-1.4520970952888284,1.0
198,-1.9411974813876256,-0.9196165542751433,1.0
135,0.9952408378740738,2.7677547534062463,0.0
470,-1.9438522761220698,-2.0966898780138945,1.0
96,-2.9876027924495063,-1.9010427030010302,1.0
466,-0.8780663560194901,-2.442664739998389,1.0
782,2.849158180950663,3.1560818319415787,0.0
675,2.7331028722534194,2.120084458274427,0.0
165,1.6826023095188882,1.766702051092911,0.0
270,-1.5839749071909595,-2.279395452973302,1.0
360,-2.1900073267413944,-2.0775376614766277,1.0
505,1.1679250595940904,1.5112354604522347,0.0
224,1.7566531863349908,2.8427719218365692,0.0
454,-2.5754350688669407,-1.5258999089782819,1.0
502,1.7898590586884515,1.4656387925546874,0.0
659,-2.952789991118203,-1.4841941995285879,1.0
633,1.6920877101980845,1.6123758284564818,0.0
186,-2.0402997452355502,-2.142653009342594,1.0
146,0.948547693264663,0.5201131876157243,0.0
155,-1.8478070306367875,-1.1524484264717874,1.0
985,-2.7368757989725756,-1.3887980146803527,1.0
297,-2.507246998188773,-1.9730599953044414,1.0
548,-1.3828638628604426,-2.7570088412985814,1.0
268,-2.1125032384755578,-2.272732273651204,1.0
149,-1.8964589909338656,-1.5719463923731483,1.0
304,1.8188056677649476,2.08899707263242,0.0
65,-2.06057961341686,-1.4230479010284858,1.0
363,1.0195654905215958,0.8526693041656463,0.0
152,-2.0253379810734757,-1.8373447720317415,1.0
657,-1.8864394451885387,-1.8151375830439123,1.0
48,3.241273719220912,2.3729836014296373,0.0
707,2.7505982352664917,2.040351363614886,0.0
767,-1.7161682805724312,-1.937428682888573,1.0
776,1.6999029295782881,2.201166398958949,0.0
189,-1.7312177708091738,-1.7223821568762023,1.0
85,-1.8657085645884437,-2.525576425918202,1.0
549,-2.2933718214718004,-1.3484168349336112,1.0
416,3.386119552573575,2.8310576171790833,0.0
77,-2.2184102440497773,-1.7102788767795474,1.0
183,-1.2972897070560574,-1.544989375993971,1.0
611,2.1035168019516997,2.726297405771091,0.0
183,0.8135746123545244,2.420845467944514,0.0
186,0.9968180354279461,3.1521626162928493,0.0
511,-1.2291694465272769,-2.503913032175661,1.0
876,-2.5336034118495014,-3.084384790850707,1.0
476,1.8742281442599613,2.707006644603519,0.0
236,1.066220898467621,1.8746768000208685,0.0
96,2.7597443726665047,2.5286213889360987,0.0
572,-2.700774675688708,-2.677096717269833,1.0
764,-2.3103774669406194,-1.5916825046705625,1.0
728,-2.667074030723669,-1.7453637112156604,1.0
377,1.2700755770083472,2.546223282667429,0.0
995,2.521576628610511,2.7131191466431708,0.0
42,2.697564394966221,2.320168550054333,0.0
114,-2.3114393415564276,-1.974276623212701,1.0
620,-1.8906663106997244,-1.8576773555305202,1.0
849,-1.6715988077115924,-1.7322963304939807,1.0
203,2.3310755452812275,1.97315930710342,0.0
864,2.492206214940254,1.7346442722079627,0.0
845,-1.8447639507157565,-2.2439787250247205,1.0
802,0.8763140166475976,3.3612633533338014,0.0
803,1.2618504597148776,1.8701076112479402,0.0
933,2.4928389127485624,1.3594045771750678,0.0
808,-1.1141236655321753,-2.1990963650705715,1.0
182,2.7325382103051212,2.2476651987701968,0.0
213,2.654249620291349,3.4696611141959024,0.0
102,-2.1579657929567864,-1.9176420653349668,1.0
943,2.0996464539618236,2.0038725923717915,0.0
527,-0.09763731839881018,1.5516296095778745,0.0
403,2.040578616953767,2.0640092747320247,0.0
570,0.6926758593778892,1.9035037068374998,0.0
240,-1.6880553624594081,-1.8797622551717703,1.0
355,-2.0248092580093338,-1.4669545002770423,1.0
151,-2.1692832430285516,-2.0674227017474296,1.0
633,-1.9420460558187678,-1.544704025753008,1.0
459,1.4941092086972276,2.555451002441357,0.0
247,-1.8428928757078178,-1.6227307671891853,1.0
110,3.5592337238298235,0.9288862184139508,0.0
960,-1.9929686455358373,-2.2729875833385926,1.0
749,2.239309526875367,1.7417412824747485,0.0
30,-1.741360124058859,-2.810353910472992,1.0
81,-3.0305659770150553,-1.323262192532017,1.0
426,-1.6814907852595367,-1.8710968949302476,1.0
681,1.783399822919006,1.85507135028696,0.0
101,1.6402389800368646,2.4771101339279267,0.0
514,-2.659405556309744,-1.9167550523107786,1.0
573,2.19452526616986,2.548802570003289,0.0
345,2.1425539108140805,2.1179278869483102,0.0
346,-2.8824027326074884,-1.4827548077838242,1.0
489,-1.770749351650273,-2.399795402925484,1.0
303,2.6247642051789617,1.2725430722078577,0.0
556,-1.9255930258584246,-2.455903808845432,1.0
587,1.5102289765032066,1.6556808427502872,0.0
750,2.6011103150559,2.16293876341842,0.0
290,2.263346058552993,1.0811278953176662,0.0
775,-1.6449617603319255,-2.413020498352645,1.0
38,-2.5427937030031074,-1.4077366521000505,1.0
721,1.9586993217291309,1.0968085304520758,0.0
695,1.1259062681945766,2.0853872060681997,0.0
311,1.1137344753643,1.179143684348313,0.0
963,-1.643436501792882,-2.732263586455735,1.0
730,-2.195717646489388,-2.692518725392645,1.0
617,0.8072927662532154,3.5882972297059776,0.0
364,-2.4354161678725967,-2.624190371034422,1.0
347,3.3835900581014853,2.3092643372603936,0.0
842,-1.7891583457436646,-1.7444082864214876,1.0
614,2.0004265647503754,2.7573336888060287,0.0
753,1.9367984516400882,2.228213852873896,0.0
80,-1.6170583105193543,-1.9675640207731437,1.0
781,-1.3445412932359821,-2.5724383378364863,1.0
60,1.6419507363633654,0.49943650460440514,0.0
440,1.6143871254813678,1.1532428247396254,0.0
270,3.5506987463412365,1.0703710859507765,0.0
670,-2.63919613306803,-2.3472533905879307,1.0
711,1.5598499693510308,1.6524555048550218,0.0
672,2.887768862740895,2.37924468810723,0.0
458,1.978686164366299,2.3533355437465344,0.0
919,2.31995403508107,1.4500448260655294,0.0
730,-0.11358519936256606,2.3012267388583987,0.0
395,-2.3487032657137323,-1.7488115471515235,1.0
206,-2.352126974605619,-2.484384678342461,1.0
438,-1.9421403428773982,-2.6942115409085727,1.0
528,-1.4649317972596152,-3.0921301931889955,1.0
624,-2.479591208169363,-2.159716379297432,1.0
164,-1.9656453801695548,-2.167942588053906,1.0
831,-1.339551074290601,-1.841321795444709,1.0
836,-1.1888712134238273,-2.2461253787356097,1.0
913,-2.507734127751638,-1.7420385366591904,1.0
122,-1.861283402769763,-2.6189333318844232,1.0
788,-1.113194772626155,-1.6971452812589978,1.0
481,-1.154654182191576,-1.7317574981725201,1.0
851,-1.2064965608285232,-1.940025024916387,1.0
261,-2.2069701956867185,-2.370441863463836,1.0
377,-2.7225016522151844,-2.1749707795010815,1.0
565,-1.9674196308824534,-2.212272725895445,1.0
392,2.1464846932480457,1.3094586158298975,0.0
439,-1.8308538238496197,-2.3368657901591066,1.0
317,-2.142852890083585,-1.8281902184514862,1.0
332,-1.4602497430685155,-2.140456099018002,1.0
513,-1.0651721170641162,-2.817165586236845,1.0
317,2.2926573646165034,2.173686022822786,0.0
839,-2.3131898111589133,-2.4565908922886015,1.0
909,-2.038338793859757,-1.9415668103534705,1.0
908,2.594442979389784,2.977488770515119,0.0
553,2.6360671314083044,2.0297250962865157,0.0
770,2.0034613990561727,2.8525512101337833,0.0
784,2.170184879769364,2.3197353331097412,0.0
987,0.5551484950963939,1.4471264742684267,0.0
512,-2.3387134686859863,-1.9097200707397541,1.0
335,0.6707508282016033,1.7700023503777693,0.0
829,-2.4460859594766626,-2.286368787238058,1.0
790,2.228997156695256,3.5531220011263107,0.0
407,-2.8375531297192067,-1.0787571024194456,1.0
643,-2.4925452278014846,-2.1419980306787476,1.0
207,-2.3624916926539274,-1.6170852355051744,1.0
428,-2.020291949518506,-2.9433607777295343,1.0
200,-1.018122097123497,-2.26290026993466,1.0
177,2.5736787997221446,2.883700330120676,0.0
573,-2.049851151819025,-2.1446517840899664,1.0
40,-1.9928071743449638,-2.243855898745838,1.0
885,-0.9971785411748473,-1.495949255177962,1.0
945,1.2935191877603063,2.6858882386226517,0.0
820,-2.792671968075517,-1.250481217475405,1.0
991,1.9079240606367587,1.1395784519546202,0.0
774,1.3565669907679618,1.2229569221450505,0.0
508,-1.687692931445222,-1.5580690165610012,1.0
380,1.6794354074671394,2.086282477047503,0.0
986,1.9339568003062624,3.6593367817852807,0.0
696,0.6646512816433836,1.270784023389536,0.0
75,-2.7646168659655004,-1.1871284765691632,1.0
990,-2.0124481816820734,-1.47677960111649,1.0
564,2.1831838993156425,2.287172267120866,0.0
773,-2.3886525746997185,-2.1524356089535943,1.0
77,2.8425343447735316,2.8334707967193173,0.0
541,1.8274466397437652,2.765732871208121,0.0
407,1.9834034206950122,1.8112963058247877,0.0
247,0.7191735852125309,0.5086641786099106,0.0
852,-1.7799489043977543,-1.304222396465053,1.0
954,1.143900873826329,3.4144411272161896,0.0
106,1.6714182780501905,1.644593610702937,0.0
690,1.033660521040228,1.469351370032057,0.0
844,-2.17861809044839,-1.8210861084907675,1.0
70,1.914163340785245,1.5608393429990455,0.0
19,1.258469549065567,3.2957273403230745,0.0
171,-1.974978168204119,-2.6587620444626605,1.0
898,1.9666674093731606,2.9455042382219183,0.0
954,-2.2083517519274363,-2.106907299608098,1.0
806,2.866666267254437,1.3209239115122502,0.0
239,-1.504118635130736,-1.4966725574428503,1.0
598,2.389327762954271,1.0976723928884042,0.0
283,-1.9929265693673757,-2.1202809314245497,1.0
674,2.8107496151788296,2.0140727885749494,0.0
402,-1.2529361493259499,-2.050197153666075,1.0
639,-2.840233885332336,-2.0481392818016264,1.0
144,-1.7681403649318002,-2.1955856457131397,1.0
84,2.021676591850584,0.9212108847567764,0.0
55,1.6862073864090485,0.38774341426195735,0.0
413,0.9805783912356847,1.7588041411446615,0.0
672,-2.619412648919065,-2.089641455998279,1.0
862,1.3090607274998158,1.9298629053755394,0.0
869,-1.0020176920483217,-2.3198746535908024,1.0
958,1.2593835869310293,2.6859430228698202,0.0
473,-1.9516018454764088,-1.6362315158035063,1.0
159,2.384896891377064,2.782662407801149,0.0
457,-1.9452615186114253,-1.9343467157491094,1.0
735,-2.2046125752670385,-1.004929585169104,1.0
831,2.296702313910031,1.4039844990969859,0.0
701,-2.399221245526453,-2.7461080123242247,1.0
422,-1.7280208790555898,-1.983823236539292,1.0
337,-1.5183034527158195,-2.735988567757315,1.0
398,-2.6060311016555975,-2.485377325180048,1.0
393,-0.9918253352783741,-2.174759534457781,1.0
932,1.9252540142787433,2.4305850246608554,0.0
943,-0.6213012973672156,-2.317195782071728,1.0
155,1.6365506918494235,1.9280421477811245,0.0
811,-1.3230494491043658,-1.70118591176283,1.0
442,-3.131256965541699,-2.7401283590586347,1.0
999,1.8706772406569707,3.4997988283799044,0.0
534,1.2681071411742848,2.2778043519077493,0.0
910,1.3112878189065493,2.4786194405909723,0.0
762,1.0890658085342242,1.2505416596358732,0.0
877,-1.6541913676795692,-2.180947642975364,1.0
720,-1.5413376460035786,-1.7583970629095587,1.0
873,-1.1745031730196875,-0.9584590456900768,1.0
160,-2.5713494225124545,-1.388795521469715,1.0
981,1.170308652742643,2.570303020975492,0.0
13,1.7411353621685046,2.004715157961859,0.0
427,-2.499233238835039,-1.2419380468984902,1.0
420,2.3015471087146215,1.9522203135447624,0.0
913,3.578849231830172,1.197022331061526,0.0
437,-1.466220230734061,-3.343885676990592,1.0
720,2.767479588390862,2.3166325622872432,0.0
953,-1.9456033432756976,-0.8229921161905662,1.0
0,1.5019035220093142,0.646232063794314,0.0
463,1.8702690690672057,2.8106272357464515,0.0
854,-2.235464202877437,-2.6000203852318533,1.0
506,-1.767843869123389,-1.174074217452445,1.0
576,1.6374673023043655,0.38790830017146893,0.0
42,-2.3376182524254068,-2.074855664775512,1.0
285,-3.234124713926467,-1.866387279241457,1.0
547,-2.395772074681054,-2.5056139337194416,1.0
124,2.2693376369812293,1.9408744642033744,0.0
161,0.3885775626586978,2.1608259110651273,0.0
928,-1.5066925194043836,-2.4344560728997187,1.0
158,-1.8104935535423015,-2.0836650720078254,1.0
31,-1.6566468203186724,-1.3459136849177868,1.0
759,2.06476953163756,2.2046535336928756,0.0
397,-2.632738678174639,-2.066883394112852,1.0
323,1.012214478644089,2.285525858992553,0.0
46,2.1587805613538418,0.293333420097567,0.0
879,-1.5678412861966895,-1.540336908504409,1.0
956,3.1730601314098497,2.5580898351424572,0.0
673,0.9247154116211225,1.5530411576765872,0.0
121,2.3059379917890617,1.750461550905597,0.0
892,-2.322360404561815,-1.7135577782847011,1.0
107,1.11170677545458,2.0327621133872213,0.0
581,2.4563129237894556,2.2858184088255644,0.0
861,-0.879957597923517,-1.8659267564533875,1.0
305,2.5479075570721674,2.20308363934571,0.0
312,1.8240227952531882,1.4856651079126026,0.0
769,3.5648601396591117,2.6569884018138206,0.0
45,1.8533246093510576,1.98094158395761,0.0
876,2.050207425108747,2.6717529204203294,0.0
41,1.5892723442821923,1.9644925479744308,0.0
393,1.7990236098067036,2.246209497841617,0.0
475,1.9630221294352492,1.9964540476061672,0.0
809,-1.8507761022681979,-2.9747171614369177,1.0
609,1.3675183197607292,1.3941510580665524,0.0
49,-2.3114643091393536,-0.7794637980578132,1.0
1,-2.1666843343337465,-1.7128907670753377,1.0
825,-2.2914579853505757,-2.3265684069876755,1.0
132,-2.2650856346917267,-2.118888471411947,1.0
826,2.933916269516029,1.717342595974501,0.0
829,3.463169854886254,1.9676978589527228,0.0
993,1.7738801493398955,2.5437347394793184,0.0
819,2.10264862185099,2.6428228321416203,0.0
878,1.579105498205161,1.0458192160046744,0.0
934,1.7113061077270162,1.2872871181373045,0.0
939,1.4816974776264988,1.2853309669301631,0.0
324,2.0854164095002514,1.094616387592581,0.0
73,-3.210209181472134,-2.100361820147716,1.0
344,-1.4578885072353804,-2.4804219619918406,1.0
441,-2.51650354416448,-2.1103461206390595,1.0
532,-2.369822187232736,-2.0882471066857624,1.0
268,2.0367390593973247,3.258228027694825,0.0
301,-2.2153023191451022,-2.398888521794483,1.0
333,1.8670146181198686,1.538763067792928,0.0
907,-1.6619081923420898,-1.8962464700250297,1.0
292,-2.05609010110965,-1.427015163163133,1.0
314,-1.2566405935614782,-2.08360957915926,1.0
685,1.6773775266802697,1.2677203302699898,0.0
594,-2.1564130254901466,-2.0145698112230996,1.0
882,2.8538651269455158,1.790017485440234,0.0
567,-1.355719672781218,-1.6589990398367696,1.0
375,2.1016754484883218,0.10420780513116834,0.0
760,-2.002678301781547,-1.748080409817348,1.0
76,0.9389722254590738,2.263141900879851,0.0
23,2.711132767507229,3.2495469006833417,0.0
71,-1.985578413546965,-1.997997467132046,1.0
354,2.120346106321502,1.9966985532462067,0.0
642,-1.2225331862906437,-2.416319133132722,1.0
4,1.6820291604602604,1.7267012481339088,0.0
501,-1.7676412572946423,-1.8621427810493678,1.0
111,2.7790098366620026,2.237605418575579,0.0
518,2.2507123767522983,2.266998235486116,0.0
484,-1.92487910094856,-1.9157055822825124,1.0
131,1.2903999812655897,1.235303667857163,0.0
475,-2.5848938696012964,-1.063313971398391,1.0
153,1.7247956632232695,1.5672462086036296,0.0
147,-2.9130722232218,-1.8744241307872995,1.0
460,-1.3229128528858465,-1.6013978092756975,1.0
957,1.4139597875899375,2.1430280001045716,0.0
374,2.790270917897264,2.3785728155797368,0.0
870,2.5434070537320053,1.1324675818873815,0.0
460,1.9223662049678607,2.777415368443643,0.0
27,-1.9800147821353646,-1.6397657097877332,1.0
511,2.976755902079203,1.6622040989206925,0.0
433,3.4153692930853037,2.7530105240639555,0.0
800,2.556165228658998,2.979010187693716,0.0
176,1.8542464402672245,2.7854895967050184,0.0
62,-1.8679113790301691,-1.4907742433688318,1.0
837,-1.8063842874918161,-2.298383889003672,1.0
623,-2.646329531391179,-2.535339652026816,1.0
539,-1.212779547519493,-2.0743638536067306,1.0
678,1.1382208077428095,3.3194289925874862,0.0
644,-2.7345401077772404,-1.6204108103238157,1.0
780,2.4620546142626822,2.5387743162275527,0.0
605,-1.8934377163179654,-2.231869061005686,1.0
27,2.109968521130915,2.2043978648826346,0.0
320,-1.6429527199738525,-2.2728890001287914,1.0
860,-2.4159095996832214,-2.2145873330195105,1.0
528,2.156450685902291,0.9540589024634776,0.0
619,1.7284243275828102,1.2533750257944425,0.0
89,3.4509436546435337,2.1026486026713362,0.0
660,2.53701502674798,0.936160300736723,0.0
821,2.5791937259795694,0.8463326983889694,0.0
526,-1.8237406295588354,-1.8253913383392255,1.0
667,-2.3656745533455226,-2.5554300235028276,1.0
296,-1.6019898290942611,-2.050912955168218,1.0
378,-2.1507537392477674,-2.3646716087597848,1.0
981,-1.9143999188252359,-1.9466499530024408,1.0
443,-2.3827057568465984,-1.0585694218485315,1.0
522,2.5533626380784673,3.1155256905502595,0.0
599,1.1402494870194517,2.1057079386966984,0.0
11,-2.065693260745401,-1.9959540206921849,1.0
987,-1.836690952055091,-2.011345487871786,1.0
584,1.7565287819371074,2.0841255683077504,0.0
823,-2.0194187445962806,-2.2395093148078633,1.0
316,-1.5638815298905213,-2.011969840356791,1.0
424,-1.5857638368055906,-2.365084196065473,1.0
338,-1.445724007717641,-2.379226524492985,1.0
684,-1.4923521524890908,-2.2117744140087456,1.0
712,2.5585175707423,1.103674118164006,0.0
43,2.0398218355080546,1.8836571630044716,0.0
472,-1.734657196786709,-1.329234957092291,1.0
726,-2.0308201227268987,-2.2233344869470923,1.0
35,1.9230129667292934,1.2788922223554846,0.0
753,-2.7448944954802483,-2.5832487815118115,1.0
926,-1.6333346680987284,-2.1834949818961906,1.0
850,1.6769662170198378,2.538397931581671,0.0
143,1.3831342760029437,2.343121765003533,0.0
598,-1.977748884234615,-2.2998456687615105,1.0
126,-2.3293915802624694,-1.8065093542768806,1.0
454,2.477664378113883,2.0255088148120093,0.0
955,-1.4895284523136434,-1.2451218142764833,1.0
289,-2.8012318836748986,-1.8020095339713709,1.0
798,0.9022427622004605,1.8441877879256081,0.0
9,1.9665772662939696,1.8419581679860144,0.0
969,-1.9059478649754071,-1.991688450695171,1.0
558,-2.418518392057988,-1.2905294192835604,1.0
359,2.5735112236272357,1.4696449708974924,0.0
138,-2.722608255645278,-1.8324351176998692,1.0
197,-1.108120230898804,-2.191489067317595,1.0
521,3.172921612379846,1.995415569832543,0.0
6,-2.3885601223525845,-1.962319644796771,1.0
897,-1.3649818664222735,-2.503793296975151,1.0
758,-1.862410215402255,-2.541310906427247,1.0
78,0.6151239931602666,1.6480180142118626,0.0
405,1.8224540880584597,2.8659070501609136,0.0
714,-2.4646465764013845,-2.1947669004437556,1.0
706,2.982833556341816,1.9616274492613925,0.0
192,0.8996256597128962,1.2305603190931174,0.0
856,3.039016662317044,2.0508239043384004,0.0
93,-2.0751378499233946,-1.9366223798858375,1.0
692,-1.9866408959575792,-2.728499000221989,1.0
988,-2.750990130452731,-1.6816662786653258,1.0
40,1.6288899420286718,2.913191780764528,0.0
158,2.1966778809746352,3.0478855030718384,0.0
123,-2.1757127116296737,-1.68635418202978,1.0
552,-2.1069398998232494,-2.990314459052112,1.0
246,1.7262632592733378,1.2239051344497733,0.0
495,-1.8925421660356083,-2.3220541492659947,1.0
600,-2.1832134768373272,-2.310871993825254,1.0
646,2.6696710144006333,2.817038793685622,0.0
295,-1.29226134984813,-1.8263013779810202,1.0
737,-2.9591818640417857,-2.3389693529869455,1.0
686,3.0916012545433285,2.764518714119345,0.0
497,1.3995858706647457,2.9800058092969177,0.0
56,-1.8848506318203169,-2.3822274114409585,1.0
917,1.907135521983553,1.7517040316074364,0.0
976,-1.8806639730990686,-1.7438484233612515,1.0
936,-2.342515174922693,-2.9166467941576286,1.0
635,-2.4902707952118397,-1.8982339546146751,1.0
978,-2.7613509763098927,-1.6712377457423266,1.0
971,1.671582046170517,1.8751450139173804,0.0
698,-1.6857956063461565,-2.6319043149052357,1.0
62,3.0303301908307487,1.9242545884286473,0.0
997,-2.135098150687963,-1.8714028451123002,1.0
865,1.960855688369255,1.731062416983979,0.0
892,3.4040526848358397,2.905900213393908,0.0
66,-2.184431056068159,-1.9547595677306884,1.0
140,1.7480959209609166,2.6056054352681657,0.0
313,1.647080928903756,1.4860732656795306,0.0
653,2.2121949490311907,1.5083003544132274,0.0
248,-2.110147155272887,-2.5541664718533044,1.0
714,1.1396287621207797,2.7164951637624037,0.0
995,-1.7858157596601667,-2.0291265642898346,1.0
546,2.243255949371183,2.239826078809645,0.0
498,3.0430353721660484,2.326425796397661,0.0
530,-1.4351030785859908,-2.5791492015586552,1.0
916,-1.5917329903376203,-2.1529900141041947,1.0
343,-1.5964325087194249,-2.319144132089521,1.0
984,1.7925212180338421,2.475310612191054,0.0
16,-2.879303655521197,-2.075336073989186,1.0
180,2.8154082892818386,2.932069160197683,0.0
88,-2.3422017934670953,-1.3703800843255924,1.0
356,-1.9349030807028935,-1.676843631823491,1.0
959,-2.4264462287504744,-2.1931780378648282,1.0
649,2.6080113650907566,1.03330777737551,0.0
163,1.3924947295878303,1.4116398653819247,0.0
647,-2.3813746411330867,-1.1173680985553454,1.0
195,-2.270358689735052,-2.698845680834188,1.0
418,-2.9014583335828465,-1.519856452551635,1.0
340,1.771111247401771,2.6725838646287543,0.0
388,2.330172960094645,2.5880854290615978,0.0
134,-2.999285294827688,-1.9202836507767143,1.0
336,2.181576916779391,1.9561608892264335,0.0
704,-1.9198214923171126,-1.9377596775345467,1.0
208,-2.2629222018080903,-2.280403310158517,1.0
444,2.0747576508363696,2.4893766182927566,0.0
817,2.7197025258284815,2.090856421426675,0.0
284,-2.582461141667031,-1.6753123595437014,1.0
417,1.517659192076366,2.6778667930277895,0.0
689,-1.1716844621165183,-1.1602351917667424,1.0
567,1.930228699873838,2.5950291349989687,0.0
578,2.214936077697283,3.1605053655951636,0.0
142,2.799092707837413,3.9501321850114612,0.0
456,-2.0223768530563375,-2.6201365360239697,1.0
793,1.6415346557684631,2.6132268935277176,0.0
381,2.3098740637246507,2.2953047394624733,0.0
988,1.3128454457567647,2.7967194570035785,0.0
653,-2.1222187496885057,-2.5035070564298016,1.0
674,-1.8385649855656903,-2.208629181404633,1.0
149,2.76482926102007,0.6821400008925951,0.0
856,-1.9656354086013683,-2.532198009115685,1.0
334,-2.3438777840506106,-2.5352672093251045,1.0
271,1.9614703746159232,2.175758401239766,0.0
726,2.471683526241555,2.374887869155934,0.0
661,-2.4840246726243387,-2.4155305532176246,1.0
799,-2.6824414663325546,-1.556685217962445,1.0
736,-1.598475351658671,-2.099964203404821,1.0
128,1.9220184260458741,1.8854939165264968,0.0
75,1.9421811859295548,2.7214960491194735,0.0
774,-2.0738201706379495,-2.193874869853838,1.0
47,-1.3656355980716892,-2.151408886708427,1.0
858,-2.8153777152986565,-1.2005321280309569,1.0
606,-1.8793036002262629,-2.2319350693759428,1.0
237,-1.4661616075068713,-1.9036580056509131,1.0
562,2.278270743213085,3.0230786782696297,0.0
510,1.348068508929679,1.2593065981651193,0.0
172,-2.203900595459985,-1.827690111267394,1.0
703,-1.7466677435312357,-1.8971816797191858,1.0
5,2.717913204617843,2.6793283192730764,0.0
60,-1.0933712018459936,-2.4781110371933304,1.0
36,2.8367815885889924,2.0130438323724698,0.0
435,-2.193496976231605,-1.7898019677564074,1.0
824,-2.5686732411716733,-2.4306474331290073,1.0
180,-2.273349139194446,-2.348337038217391,1.0
204,2.2139407064494625,2.178944109033838,0.0
383,2.3201567812239148,2.5692571178465426,0.0
942,-1.5121066447286098,-1.9040566240454933,1.0
211,-1.6652901629296066,-1.6714897451141904,1.0
144,2.398459038565548,2.5192421812473076,0.0
274,2.381119338168307,2.0892397399752514,0.0
449,3.067300292041972,2.162027792012276,0.0
991,-2.3747054337059676,-2.190239646155326,1.0
429,1.9763441755851465,2.391687608697719,0.0
590,-2.4782202297829152,-2.299574115213413,1.0
59,-2.2585117619085815,-1.8764361674608339,1.0
667,2.6900056756172144,1.1530405819138958,0.0
36,-2.008877804496744,-1.4214374141455894,1.0
580,2.0392951693730996,2.611867715672466,0.0
792,-1.8284648039752138,-1.5372794143569775,1.0
902,2.0644581458577087,1.4145512841940002,0.0
628,-1.7022301952569285,-1.6804856040751617,1.0
896,1.9309102055925995,1.5933065605623726,0.0
802,-2.5749219662923606,-2.9525315871856668,1.0
373,-3.0427693890795866,-2.580972722941381,1.0
869,2.740993368483169,2.4528968677279925,0.0
470,2.6410421230635057,1.817509036921556,0.0
150,2.1822208566898498,3.1127280670209148,0.0
565,2.4134787223691854,1.7538262223867167,0.0
94,1.500091651703696,1.6916861136469121,0.0
330,-2.0333200965176745,-2.2097294814786412,1.0
462,-1.7599701323715247,-1.4450726312970252,1.0
491,-2.8485092611605114,-2.4508949358351364,1.0
610,-1.4584987038714359,-2.1434758911544165,1.0
533,0.5361168609189497,0.2268259369161576,0.0
41,-2.04459010643435,-1.225930928299001,1.0
318,2.035229495910839,1.4023592222704866,0.0
207,1.9470444903342068,1.9922556620169471,0.0
437,2.0943054693278444,1.610488840833583,0.0
178,-1.8542346162896366,-2.243270116845195,1.0
490,0.9409028810532423,2.3531256122341917,0.0
83,-1.4703935353206365,-2.891350319370511,1.0
623,1.5512261624331096,2.2772963891311764,0.0
127,-1.585909180995344,-0.625211811256642,1.0
615,-2.0741903658325005,-2.313619201788347,1.0
193,-1.2682831064363644,-2.0221506213783633,1.0
302,-2.6189252345372087,-1.607222989770015,1.0
171,2.595434514855119,1.2328253554409514,0.0
748,2.534594250436399,2.7462095066425225,0.0
188,1.0285618318472673,1.1662859640690226,0.0
315,-2.65896056498998,-2.070782308698306,1.0
414,-1.4193191651125439,-2.2574760659586186,1.0
768,2.706608298226017,1.990260530202429,0.0
450,1.9925641884393959,0.8345255953318278,0.0
854,1.092323050367908,1.6787151903640085,0.0
214,-2.0192060530110942,-1.3535019520920084,1.0
464,2.4061942819776725,1.9762938085517783,0.0
966,1.2301168039746742,3.0628962054711595,0.0
835,1.92145033187159,3.0102450656352637,0.0
817,-1.1128781925683076,-2.49501380332761,1.0
523,-1.4707064219199002,-1.8826410033929177,1.0
661,0.4528199890091644,1.1381391175674407,0.0
157,1.1111895356436174,1.9282331750864012,0.0
451,-1.2191823852556127,-2.3679262622155006,1.0
350,2.4561636034621133,1.0744733222529068,0.0
625,1.2384487690462094,2.6751282243000865,0.0
415,-2.0080728987519647,-1.468179684113907,1.0
595,-2.10809750601709,-1.5829237101299796,1.0
306,1.672867762928571,2.9154389656364197,0.0
478,1.8527620789304367,2.7557581789451575,0.0
130,0.5552882618708732,1.0560247153389453,0.0
383,-1.8131740042234203,-1.7205150435463026,1.0
583,1.3874163302009495,3.086964434411024,0.0
629,3.152339531732739,3.204692844441656,0.0
493,-1.4531425814976258,-2.0482078629180096,1.0
938,3.3944431752744397,1.9011073385373356,0.0
244,1.085770771038106,2.202939938681123,0.0
472,1.0299180983182445,0.6006553600859266,0.0
163,-2.807089333948087,-1.8046782219775084,1.0
293,-2.896840105309674,-1.4750443288863284,1.0
497,-1.7734485900805026,-1.6161264287937924,1.0
395,3.630610474285704,2.109883971170774,0.0
458,-1.2328496001034768,-1.847961521774188,1.0
894,-1.906627322789318,-2.0771946495879434,1.0
3,-2.3955134762121637,-1.9909219752522247,1.0
432,2.1732673894785974,0.5849330330478999,0.0
584,-1.6144710793765098,-1.9997005940536707,1.0
840,-1.4562891984479882,-1.346194496398136,1.0
526,1.7049244975084399,2.371510953575671,0.0
822,2.1615999780420085,1.409214032779162,0.0
493,2.4783038714209145,1.157960599842316,0.0
327,-1.432141234646295,-1.9107589566658782,1.0
275,-2.2848233020103765,-1.795807655114228,1.0
738,-2.854296791970434,-1.6812557863724922,1.0
394,1.942925986286967,1.4182922817264756,0.0
554,-2.0466352652361457,-1.380236109726367,1.0
169,-1.7903371417138432,-1.6383561639787778,1.0
832,2.152626825288499,1.5991652499688083,0.0
957,-2.217488131788801,-2.3111343387164123,1.0
421,2.124656318562656,2.081867475319812,0.0
779,-1.5433755317761395,-2.8165447540473902,1.0
757,-1.748011321540873,-2.7770078838070575,1.0
398,2.0887923590498003,1.926793692489971,0.0
562,-1.9148460862661596,-2.148081126918295,1.0
814,-2.8644413194342544,-2.284317238820668,1.0
970,2.09617557296794,2.9092832137898457,0.0
168,2.0418787453378444,2.561173415418118,0.0
785,3.2323875739851164,2.1176958057218505,0.0
538,-2.6267654157933746,-3.0284233499316526,1.0
216,-2.533800405538567,-2.337320540362154,1.0
557,2.301866282990022,1.7502278020470832,0.0
387,-1.9954916812603862,-0.9988650180443732,1.0
221,-1.589772246426325,-1.5249230722500076,1.0
484,1.6291417218236433,0.7347259305412994,0.0
847,-2.162544102027423,-2.0791071936326553,1.0
31,1.0075046573917033,2.4390701438772435,0.0
69,-1.369206238658672,-2.444983829541883,1.0
534,-3.0132297633607354,-2.4909816172787664,1.0
748,-1.8123363168071736,-1.2958487122740925,1.0
989,-2.141531225548732,-2.332622062282377,1.0
685,-2.7387556880229447,-1.8842410601256967,1.0
979,1.9698982399390472,1.8754145385638161,0.0
228,-2.042640760353815,-2.047112081555489,1.0
754,1.6372764044854264,2.5769807322971747,0.0
107,-2.455162103210691,-2.387050884713012,1.0
754,-1.851681719919794,-2.5685856403842795,1.0
400,2.7579104433926425,3.5954791546150533,0.0
887,2.6140346373517125,3.425156639775266,0.0
409,1.832511687493863,3.3417087174346487,0.0
858,1.9593930389653462,2.3408334302445772,0.0
233,-2.1929694353094193,-2.104046573338955,1.0
406,-1.5311984765731448,-1.0653219807007792,1.0
150,-1.8763509969293675,-2.618995262212893,1.0
199,2.371213035411942,2.754282949033901,0.0
8,1.3606969414514571,2.3567428053135075,0.0
416,-2.068959534423129,-1.8710640283848958,1.0
125,1.1216281220866853,2.683168905639195,0.0
977,2.176355803145933,2.401411677352013,0.0
309,2.463889613858984,2.280676136050139,0.0
295,2.1857915635858762,1.6477949950223385,0.0
253,-2.091523978378141,-1.6584560205673788,1.0
664,-1.710825774976507,-1.981244800152882,1.0
592,1.2307101342827234,2.2576381763212146,0.0
669,1.5681937257616583,1.3600117488001706,0.0
708,2.1039931544216484,2.994354053474763,0.0
689,1.5258684807046579,2.8774683161476124,0.0
196,-1.9532459569302345,-3.0770108227286332,1.0
406,2.526400959425045,1.3870922274681412,0.0
47,2.2285813014338944,1.9547750531965833,0.0
631,-1.592789680893112,-2.9653858013016414,1.0
283,1.9281921597465401,2.247280575062927,0.0
228,1.2320676550286203,1.2080567675069616,0.0
890,-2.1889401837905718,-2.310668945271983,1.0
67,1.1871092364485514,1.7407732079650582,0.0
604,-2.686882266456963,-1.68618664605916,1.0
488,2.0630649890824193,1.8710151768960155,0.0
749,-2.4756143904244667,-1.1005985732350894,1.0
233,3.038612827664589,1.5073777873686818,0.0
243,2.139076659663946,2.8745722990439457,0.0
797,1.6811775432288727,2.1873746549804105,0.0
210,0.9075142151736075,1.5690686100861695,0.0
899,1.5995522063943897,0.9189666511327108,0.0
232,1.3090442757271958,2.7057284735273806,0.0
330,2.0822370548536275,2.7710610387439893,0.0
402,2.5038061761535317,2.197873746395134,0.0
9,-2.0430210167844756,-1.2625544573220253,1.0
401,-1.7837263701232993,-1.9625753825466936,1.0
680,1.730234353463315,3.1847782651489878,0.0
19,-2.3502830206725225,-2.2475304078309852,1.0
592,-1.8464875309966433,-2.0020047796471236,1.0
816,2.5958959864009885,2.5758496266411317,0.0
2,-1.9594540072175848,-2.2733817312155917,1.0
373,1.9838801050090968,2.185870376204322,0.0
102,1.0795998692525322,2.8289386437555484,0.0
580,-1.2162463235531644,-1.1343621559534647,1.0
90,-2.2943039198971564,-2.0825506968780187,1.0
331,-1.5365430091338261,-2.2304633120073882,1.0
951,-1.843934868208315,-1.8393404002161837,1.0
51,-1.715483104507075,-1.923592275708883,1.0
297,1.4213718104433033,2.59944981319281,0.0
950,2.3947771017342947,2.653629721664453,0.0
11,2.1042309530434085,2.6551682726259056,0.0
958,-1.5301257254928764,-2.6305257111430214,1.0
741,1.4870237141488376,2.1983146497877435,0.0
343,1.010469722926089,2.263842182606024,0.0
668,1.8405444011110377,1.2453143090686922,0.0
894,1.9408933583074763,2.2590433594382726,0.0
921,-1.6156704335719376,-2.556884477299543,1.0
857,1.8219756253613242,1.7440030771772577,0.0
992,-1.2161650327104825,-1.4669314461813907,1.0
680,-2.543430598780333,-2.251967709796122,1.0
770,-1.879131037757655,-1.8786477164408202,1.0
111,-1.744316722263817,-2.184651498460668,1.0
832,-1.6557150860359062,-2.7839770503572425,1.0
568,-1.8617620338426029,-1.5682255337618225,1.0
431,-1.7979959215478616,-2.118720219335274,1.0
257,1.4696581614732274,2.271568209995281,0.0
79,1.8088376772983445,0.37889139220934154,0.0
796,-1.9112200528262504,-1.236073470117582,1.0
210,-2.406573124702309,-1.6356218129510474,1.0
722,3.3095073951507428,0.42422718746716037,0.0
436,1.2432923711677166,1.7506996218605044,0.0
558,2.3529207160218624,1.5307180450482614,0.0
537,-2.044832851262986,-1.4339451220726134,1.0
874,-3.065956386370252,-1.540855526075033,1.0
179,-2.4284982784284432,-1.94678523348894,1.0
465,2.229272371819873,0.7761794100065307,0.0
125,-2.026693596336818,-0.8561660611454063,1.0
577,1.7310781529836199,1.6323893336732116,0.0
924,-1.9664708376836275,-1.956946228892655,1.0
542,-2.006052574359648,-1.8495094760994664,1.0
812,1.1033840858003092,0.9009370681936517,0.0
167,0.7479370315107148,2.6978003560141843,0.0
841,-2.2680269086150595,-2.6041424479958106,1.0
357,2.4009248315179477,2.1175414494977236,0.0
452,-2.4555127316535006,-1.5846346104783902,1.0
607,-1.2629785848511235,-1.8782223250808132,1.0
923,1.535767208117917,1.720548283738925,0.0
657,1.7592406247160837,1.6565811727461832,0.0
479,1.462991970077662,0.5362010663428258,0.0
512,2.028151473469503,1.8230799741618815,0.0
361,1.4950773917731568,1.0958255119821303,0.0
978,2.7734904519255785,2.229600359042832,0.0
561,3.484679413454488,1.7754417782661809,0.0
95,2.018459845392859,3.026209454646387,0.0
515,3.6415252527766944,2.627725425099691,0.0
686,-2.6910552348488412,-1.7662811020623215,1.0
837,1.853582580183857,2.3585904613993858,0.0
80,2.254852288731285,1.570655550246428,0.0
396,-1.2496521548753639,-1.6763014793139255,1.0
789,-1.7905500374214498,-2.6588109816911567,1.0
586,-2.7090556288649146,-2.298615902088094,1.0
555,-2.1011216338366876,-1.42367297001467,1.0
413,-2.156775796869853,-2.0366180014071755,1.0
891,2.615765253209716,1.9819098239551527,0.0
162,-2.6400038185793737,-1.9609427271496775,1.0
851,1.7784250104458734,2.0285736424315814,0.0
508,0.6119662456900086,0.32643939976631575,0.0
105,0.9213628193028438,3.5992711567866356,0.0
319,-2.966360938558288,-1.4452232743637357,1.0
225,2.4884642892315347,1.5948563114124483,0.0
262,2.50859878700632,2.447015252658309,0.0
544,2.0453745091759274,1.775285125497044,0.0
561,-2.0371197259679534,-1.2902453560564615,1.0
389,2.010517154037015,2.0219906259941083,0.0
213,-2.0685980077983728,-2.046110603863742,1.0
941,-1.820337287031893,-1.403338002473563,1.0
146,-1.995749061260689,-2.1590937723661905,1.0
693,-1.8266446521525763,-1.577056734005935,1.0
834,2.393458590920413,1.1696707226878038,0.0
499,-2.102370678699795,-1.8522290200814706,1.0
983,-1.6404564554550067,-2.565218305559962,1.0
651,-1.6046707346075555,-2.71891596461648,1.0
106,-0.5495550124449526,-1.7099878628506329,1.0
626,2.524031505621412,1.0342700673570793,0.0
320,0.5513430886495592,1.6852159795228328,0.0
417,-2.055517714882907,-2.2192179976226356,1.0
975,-2.065015968016635,-1.7764649757434459,1.0
352,1.3738135407690124,1.0768841496848305,0.0
872,-1.7590888377272018,-1.9612545110048227,1.0
821,-1.647900676302165,-2.583336240167525,1.0
292,1.7086058215309197,1.5112190639439707,0.0
30,1.77399404000514,1.2146698884075249,0.0
616,1.395929272659716,2.199239832437227,0.0
328,-2.5687515796984317,-2.3313956206288067,1.0
256,0.666395471687131,1.9082109456981722,0.0
455,-2.251338094279938,-1.5886165611931369,1.0
188,-1.0537197413433246,-2.201166741378187,1.0
627,-1.5100604291682187,-2.4365915299466945,1.0
139,-2.014239689832526,-0.7679456709360835,1.0
963,0.8566493327087841,1.7150776272853663,0.0
910,-2.2828278921826097,-2.063077994975941,1.0
312,-2.605150973038179,-2.004745236012656,1.0
939,-1.3665039134428827,-1.8094359253064238,1.0
483,-2.2613892269656324,-2.4022521093456666,1.0
648,-1.437402075359913,-1.892110977854154,1.0
451,1.165331489753354,2.355889961856808,0.0
713,-2.5891390452167413,-2.7401857681820823,1.0
352,-2.3877765034576823,-2.610121744662817,1.0
273,-3.022017369530075,-2.10911145439707,1.0
962,-2.2956939706604755,-2.330712510511129,1.0
429,-2.344127514834384,-1.1536656977862028,1.0
371,1.1796703747483104,3.601216392023124,0.0
693,2.0885981461872323,1.1745461154004957,0.0
766,1.8742999924531476,1.788020414023002,0.0
285,1.9665956786075325,2.4190945608997665,0.0
759,-0.9051225050743308,-2.301938486501121,1.0
544,-3.003690601147283,-1.9200445862974245,1.0
859,1.430496234015118,2.435396808030637,0.0
664,3.158656638007031,1.852846921545211,0.0
946,1.6291273216249884,1.6938322927657394,0.0
979,-2.8385721766629315,-2.1767318752497893,1.0
536,-1.6107578105223679,-2.0350860570145555,1.0
441,1.1319471973672912,0.9659205138604139,0.0
914,1.8402765704132902,1.5147678125325492,0.0
263,1.676578396537906,0.4973029244774554,0.0
968,1.621406138521953,2.344760144860546,0.0
492,-1.4482517029295048,-2.646347474387712,1.0
711,-0.8260964273810991,-0.8566189476902422,1.0
866,2.081650104711271,1.6209309104235505,0.0
410,1.165139454914486,1.7252947161445877,0.0
490,-2.5093166035953405,-2.339836008805111,1.0
68,-2.118120287325819,-2.3917177652475656,1.0
265,1.8144125854886428,2.8706126872589794,0.0
258,1.9520949994345873,1.6135298376941993,0.0
794,2.304615541978908,2.329194804968897,0.0
399,-1.1268861799536996,-2.8340679416734,1.0
820,2.0192060409890504,2.456616710813127,0.0
205,-1.3947003698291316,-2.044984950367779,1.0
855,-2.271153357527788,-1.1395489051882608,1.0
79,-2.6852527267460475,-2.513570623553906,1.0
828,-2.5631790425508925,-2.093632079107508,1.0
178,0.7737837291533547,1.7838811575278748,0.0
551,2.9943398029356505,1.817853182974918,0.0
202,-1.872739790578538,-1.6542813862078767,1.0
597,2.8883294504003807,2.1215188375382206,0.0
382,-1.3681929396409318,-1.6054900913565273,1.0
298,1.7957949633039338,1.8195660945059748,0.0
371,-1.511707815807236,-1.7883656980683642,1.0
51,3.082506680643912,2.0010436568720973,0.0
723,3.5156609028281016,2.5371164481385953,0.0
783,1.540110319027284,2.8524157322538635,0.0
731,2.7316340868669036,0.3175680206243996,0.0
37,3.669881768743518,1.07561496272676,0.0
478,-1.8284991440243934,-1.872234866481811,1.0
522,-1.9232382819771348,-2.930067897023463,1.0
376,1.5078525165151846,3.764110519408029,0.0
157,-2.390302072427118,-1.774510721006991,1.0
485,2.20435263982385,2.3513669581518704,0.0
474,-1.2691647604358383,-2.027052385310901,1.0
780,-1.4386091855872127,-1.921780495153467,1.0
181,-0.8359000447460532,-1.4000333493807742,1.0
961,-2.1633950404801805,-2.5812348934833573,1.0
895,1.7057626183422399,1.8680557021047817,0.0
494,-2.566190701342812,-2.434166041260847,1.0
745,0.3292655870312067,2.505747489391406,0.0
400,-1.9403745695543042,-0.9475083696031088,1.0
891,-1.7480234197134408,-2.400849575910833,1.0
927,3.2560624286704645,2.1867465657985345,0.0
766,-2.238262154671023,-2.3169343444645527,1.0
5,-2.381598421694418,-1.94890533458104,1.0
722,-1.2548502417093388,-2.1801796326250598,1.0
98,-2.8028675097950826,-2.613456541124874,1.0
591,2.267816525142605,1.1065440221907523,0.0
818,1.7565732534792333,2.361010254151682,0.0
325,-1.62836812035403,-1.3610975736129043,1.0
972,-1.3713076079515267,-2.2333353654778745,1.0
404,-2.0345645770827554,-1.6263377060395052,1.0
525,-2.7769735744024375,-2.095377786782726,1.0
74,-1.4987134899829488,-1.8157829392701297,1.0
589,1.8047973211709656,2.8407572170894415,0.0
43,-1.2051872899937188,-2.089266415024185,1.0
700,-2.29676342493818,-1.3964727111620387,1.0
698,3.065112514451847,2.620018061004639,0.0
227,1.1651684626065677,2.567452117510857,0.0
481,1.938997931701545,2.730147899606987,0.0
707,-1.597486601073055,-1.204676953454871,1.0
225,-2.298178394948637,-3.040774397929326,1.0
440,-1.3863380758812252,-2.782059012108287,1.0
318,-2.427175709900403,-1.7507735048457667,1.0
771,-2.255430307458085,-2.1084983061890856,1.0
603,3.8991077442847297,1.3606260034393158,0.0
434,3.3056868055302076,2.1296816911288676,0.0
303,-1.9029179313024331,-2.7083257382286576,1.0
889,-1.8816331272330067,-1.8372464403312665,1.0
57,-1.8713928649737046,-1.9218755818851196,1.0
645,0.8246706226981488,3.0371984278581277,0.0
480,-2.543412764383514,-2.5919203031696,1.0
354,-2.0491175511114124,-1.539198361507959,1.0
423,1.4609928685616627,2.0595738275999373,0.0
729,-2.32594058920374,-1.822450777519049,1.0
632,-2.4655949736415366,-2.4216907039519153,1.0
937,-2.403130609069431,-1.9985647455743125,1.0
524,2.0499377912562307,0.41292475362832315,0.0
349,1.5278112745816457,0.4750116201624295,0.0
694,-1.1474459096383063,-2.4376566494572685,1.0
529,-1.9937414919154817,-1.9311646382487653,1.0
681,-2.213079585170735,-2.503822290209078,1.0
313,-2.6482500533818167,-3.062541103607627,1.0
308,1.4442125381553343,1.018917526869891,0.0
1,2.738445053993812,2.388592545064002,0.0
419,-1.3577806568167865,-1.6458278105092472,1.0
909,1.127426093106308,1.3418688264432013,0.0
568,1.829423686041618,3.0665032400973553,0.0
390,-1.4884602085765244,-2.028747485606535,1.0
421,-1.7910565718078124,-2.0846177632859653,1.0
479,-1.5264838632796507,-2.708418368252343,1.0
249,1.3703246044617003,1.488567573165715,0.0
938,-1.929690170770677,-2.0038029033523803,1.0
819,-2.864142685305465,-2.3636642754093957,1.0
231,-1.7367007645619978,-1.6950641929230554,1.0
465,-2.832037004718827,-2.5007497725661265,1.0
131,-2.2949069400526443,-0.9499900667833252,1.0
996,-1.6739324114124896,-2.575363775557488,1.0
294,-2.128490305091229,-1.6953761338449667,1.0
365,1.3441741387582744,1.081512095996819,0.0
374,-2.3009332500824096,-0.9747803419804226,1.0
867,-2.0711651916706137,-1.472380938603811,1.0
300,1.2549314180958246,0.4616045601092498,0.0
785,-2.224054416583973,-1.5945268244976656,1.0
841,1.3662743384863838,1.9649216469934392,0.0
328,1.2195300731068068,1.9013286403738883,0.0
166,2.1504643083525603,2.4053988607554464,0.0
120,-2.349280252217202,-1.7966418459718143,1.0
291,1.3910711112106666,1.4763361122389904,0.0
984,-1.6176882700546011,-2.314666699205633,1.0
119,1.2762009077692311,2.791057066575233,0.0
100,1.3328468474915445,1.3892681422450828,0.0
468,2.535695380588071,1.8441542389911296,0.0
793,-2.6056524999803674,-2.7704245405489685,1.0
677,-1.7616118061352615,-1.6821670918017242,1.0
777,-1.9989392790995226,-1.729401253256321,1.0
145,-2.274769102271993,-2.1687577853957847,1.0
621,-2.7835843710807167,-1.9602793563232757,1.0
269,3.150636471446127,1.9899150851616292,0.0
933,-2.091349315921621,-2.0586532051295166,1.0
845,0.6002220551143167,2.271425371822998,0.0
278,-1.8982802247448092,-2.0280123989333974,1.0
729,-0.18997132243675852,1.4646335499126595,0.0
827,-1.317836463254447,-2.43547903953963,1.0
677,1.692396591850311,2.7900958663256556,0.0
208,2.7689833599648193,2.218846123395712,0.0
18,-0.09645566662065397,1.0756218801127462,0.0
886,-1.9319096343888869,-2.3094109325881624,1.0
321,2.8886007018873068,2.2547123362405723,0.0
569,1.8957857620775704,2.853767059310311,0.0
647,1.0612066881726077,3.142297964471827,0.0
683,-1.8733386034133008,-2.2309327110594093,1.0
280,1.4216832920226499,1.458389583127469,0.0
552,0.6111266762815408,1.364864210199915,0.0
148,1.0431148864833228,1.1928186041261442,0.0
223,1.770150193522134,2.7447920398972285,0.0
376,-2.309778948078601,-1.4674936772766984,1.0
652,-1.653525297282393,-1.5741671094840841,1.0
415,2.483793561105941,2.5195661187329828,0.0
572,1.752958756475805,2.165993627030999,0.0
434,-2.1495816577019733,-2.2392217007133746,1.0
32,-1.4497720709922484,-0.9780009813804131,1.0
467,-2.285447575249052,-2.0842123027576926,1.0
697,1.849651143400795,2.2188756535591003,0.0
670,0.9983750084514165,-0.2634785931157615,0.0
656,-1.4447518585480672,-2.0360284356907825,1.0
351,-1.2147526887377382,-1.7530302668234454,1.0
654,-3.1186144329723415,-1.856468191902301,1.0
496,-1.8088051285706501,-2.2148088728736575,1.0
873,1.6683919711760384,3.1605495469518594,0.0
530,2.4362164741646755,1.111343570790984,0.0
384,3.0935183794789474,1.8168082018150546,0.0
510,-2.3962172002944144,-2.0165337934249923,1.0
229,1.699065241371868,2.491856769190424,0.0
696,-1.8037734746365994,-1.363022633597433,1.0
600,1.1398919953632234,2.146880298132941,0.0
469,2.531375810936037,1.9778028006952704,0.0
185,1.4800199993488639,2.9375755368543914,0.0
842,2.5691128998065227,1.869298251607383,0.0
743,1.1816404793213253,2.1673968781048423,0.0
412,1.9539314608377938,2.7851906233878023,0.0
504,-1.5552826382819536,-2.0027750320770807,1.0
540,-1.8887634626838126,-1.51993185308903,1.0
254,2.0674539306421793,2.4710706394621207,0.0
380,-2.5252526028288504,-1.8039477499686847,1.0
129,-1.618639022701571,-2.390436914901069,1.0
443,2.5686833905807402,1.1173965096185228,0.0
37,-2.595176028045777,-2.518811710283197,1.0
542,1.027506313628195,1.3598947901257505,0.0
277,1.9937047678306978,0.8612021425803942,0.0
929,2.475835164642063,2.6482148890932895,0.0
173,2.403554027356468,1.0282884616218038,0.0
87,1.9758016903195044,1.5090440543528747,0.0
965,-1.1032536639086379,-1.4090907758837181,1.0
755,1.346949056336972,1.8951377653325439,0.0
337,1.9319951052219837,2.3078251981576487,0.0
706,-2.029908621584423,-1.7465139375063905,1.0
381,-1.8025198124967714,-2.597288022981494,1.0
823,1.5374795430039472,1.871141001626046,0.0
618,3.1395066708095745,3.071481712436947,0.0
50,-1.8067081852030442,-2.0873139425830343,1.0
733,1.5806780114351737,2.2912794837163752,0.0
302,2.454563397630006,2.629644475701773,0.0
772,-1.2622232831028113,-2.349497993003416,1.0
357,-2.2923633171205173,-2.2603871574841157,1.0
184,0.8532358143314336,1.4573312742834914,0.0
351,2.520558114944393,2.6282270538220125,0.0
569,-1.7164024048913267,-1.9180854787192945,1.0
999,-1.226289453693509,-2.234874357408801,1.0
197,1.765118996303839,2.296371126522754,0.0
272,-2.7516581037752195,-1.326303436557919,1.0
192,-2.348022277126139,-1.9128411092682407,1.0
305,-1.3796992699129695,-1.7659017032415079,1.0
126,2.7868998834276137,2.6867705896295346,0.0
973,-2.367420076685655,-1.4565970223772875,1.0
194,1.2895649424564992,2.754766014977111,0.0
118,2.6958453461351404,2.4674123108625077,0.0
844,3.1221250440041928,1.0980430032085604,0.0
807,-2.28853439560686,-1.9377677669659452,1.0
866,-2.3516899313036514,-1.7989785510095126,1.0
222,-1.3704399815465678,-1.8097114449867375,1.0
272,2.2669181078939307,3.088764451132482,0.0
744,-2.265800068034203,-2.1250284738821885,1.0
610,1.7730235303687325,1.7426214424782533,0.0
764,2.0573389106543325,1.2296457401993264,0.0
7,2.6445685919130817,1.6142955087914943,0.0
486,2.102738731102013,2.9079651187375335,0.0
498,-2.4988718767360316,-2.8716765258511536,1.0
339,1.173857526492835,1.6065606855463423,0.0
514,-0.00471235574655271,1.5665417016198337,0.0
473,2.097281580511076,1.7128454897540812,0.0
306,-2.9419912552557355,-2.467330561056135,1.0
93,2.060026880376505,2.6923067309168616,0.0
78,-1.2682394059268909,-0.8707829637774538,1.0
372,-1.1584886783068433,-2.401052861305513,1.0
874,2.5783734135788143,2.568218923907781,0.0
252,-1.7598441381745142,-1.8021159092295003,1.0
923,-1.6591630744356807,-1.7962302425834764,1.0
788,1.6919116685446711,1.491787487471484,0.0
185,-1.4592613147406124,-1.719122976059959,1.0
916,3.152358809441534,0.7501737571818081,0.0
461,-1.9710192542798866,-2.479113415182476,1.0
806,-0.8718398181019726,-2.176112993391715,1.0
29,-2.1319126557891726,-2.409606829866882,1.0
446,-1.5877783123956195,-2.2327081956039634,1.0
170,0.8469615706923663,1.7166677238856285,0.0
630,2.713763159121417,1.2254197042903145,0.0
117,-3.0648708791288772,-1.6758824171693085,1.0
786,-2.0046312274702105,-2.7592519656762113,1.0
259,1.3461128440852201,1.37263228074523,0.0
649,-1.948932258449235,-2.1921250617902857,1.0
795,-2.5953477753363225,-2.23986383350881,1.0
690,-2.1668513624600356,-1.6216190194573705,1.0
463,-2.2913983745156514,-2.074687031950559,1.0
468,-2.033402024639581,-1.8960719958567127,1.0
386,1.6500990710818095,2.3518935334119973,0.0
241,2.5842591228660967,2.30753546079398,0.0
471,-2.7048291652665544,-1.9990341271519032,1.0
29,2.840063388047679,0.9213152871070382,0.0
906,-2.791782823650417,-3.0223783190895324,1.0
712,-2.081096672378878,-2.2536518015000815,1.0
277,-1.3739241944061895,-2.458553928934945,1.0
453,-2.1248949639084604,-1.563384788921321,1.0
921,0.531056279374069,2.2518202648204046,0.0
447,2.0427076282916254,2.1911894636650757,0.0
666,2.0101285153954684,2.176973743912706,0.0
679,1.3672921008172592,1.869997616220812,0.0
687,-2.2629297136122335,-1.7837050305076727,1.0
918,2.137449711027085,2.7531685115753275,0.0
702,3.011263499220765,1.6245044654982772,0.0
602,-1.6871936975446653,-1.901965910796624,1.0
255,-2.5819930793700863,-2.300365328659053,1.0
370,-2.347638419379296,-1.6278896330176953,1.0
964,-1.5265341037666547,-1.648478047243268,1.0
4,-2.1092998356260786,-2.6661262672277566,1.0
325,3.0996381515764506,-0.1522869552610886,0.0
948,2.7510140465875415,1.7416119783870965,0.0
574,0.4284129825810137,2.403791618765484,0.0
843,-2.5862450196727904,-2.905307182448868,1.0
104,1.4332371898791703,2.1585838043221077,0.0
634,-2.008719851707635,-2.2616752404086737,1.0
471,1.4608994730371696,1.3080406411218035,0.0
209,1.8537876340336044,1.3110486139146134,0.0
245,-1.5945633586371724,-1.3422889781181775,1.0
24,-2.067275947734153,-1.2561238319047487,1.0
211,2.1925209365857,1.1609557576755325,0.0
114,2.33315133520301,2.2093225224055857,0.0
955,1.1906363185027045,1.6886472449854801,0.0
414,2.6433811598374497,2.3296250136445127,0.0
219,2.093305776635349,2.6529521680046515,0.0
348,-1.0203982089988113,-2.528946651054499,1.0
687,2.8433670773154183,1.7348563376225319,0.0
643,1.9455890890576295,1.1862573499307838,0.0
537,2.1154593653101013,1.2989014287143306,0.0
556,3.091792082875967,3.0397325284068506,0.0
425,1.8741673993019594,0.9564033392336422,0.0
543,-1.6109438595113168,-1.8637572001905462,1.0
579,1.1334079495772644,2.188187474756236,0.0
536,0.49656402333484606,1.5995122456299493,0.0
776,-2.4540593873348975,-2.1857818528211164,1.0
339,-2.475022965190757,-1.9322301607321353,1.0
582,-2.534979695303216,-1.5280298916920416,1.0
516,2.532526187009474,1.5861786441584234,0.0
908,-1.9936650946574068,-1.6610780907291858,1.0
10,2.406574928382431,3.141502902285428,0.0
616,-1.967531165596022,-1.9212856258577338,1.0
245,1.5570431990105915,2.235380832733468,0.0
734,1.9926103914385027,2.008457227643994,0.0
789,1.979930980720041,1.69283907059598,0.0
360,1.597465646362084,3.1949794476883637,0.0
234,-3.0477740468487386,-2.331458398727904,1.0
637,2.5880845413936964,3.111232007309904,0.0
986,-3.1628183680011484,-1.8562730801894471,1.0
212,1.62644983858329,2.6445177426309634,0.0
935,2.8955984338761107,1.4668153317125827,0.0
912,0.528914211719548,3.7745539981933214,0.0
737,1.8758495619762088,3.7179698733455675,0.0
808,0.3829968094894416,2.8846347701295274,0.0
777,1.8364929042553064,0.7404273068504623,0.0
222,2.5708734870388152,2.0788178890262614,0.0
307,-2.8591440142951243,-1.0992424377699912,1.0
757,2.7601724399114076,2.4013452413205085,0.0
397,2.0547746978310584,2.9755937639525714,0.0
134,1.455843025504234,2.7227208342569997,0.0
613,0.5735306357673129,1.0856100732388603,0.0
109,-2.182970239826697,-2.0392479937906827,1.0
88,1.875611048084172,2.5699971171512805,0.0
517,-1.7983030704359888,-1.8924941401836504,1.0
975,1.4354109299517428,1.048440351794207,0.0
559,1.5673753617510815,1.2741169082411248,0.0
448,2.358778217564637,1.9545182175247229,0.0
409,-2.6675572593534236,-1.93773741423815,1.0
258,-2.2717078759964604,-2.1003158639074133,1.0
554,3.3192359174650727,2.2193531525114745,0.0
746,-2.2992122554053878,-1.1810301235798457,1.0
747,-1.7812191598591594,-1.7879499440744073,1.0
446,1.4968807498094319,2.438094083780179,0.0
507,-2.495412920240642,-2.0977242734108588,1.0
974,1.9995187002517583,1.805739154508743,0.0
951,2.5879242072118,2.9565316915889626,0.0
656,1.0619596761769308,2.3191821151046703,0.0
63,2.3426631955205046,2.2673840009770894,0.0
492,1.8893333362500486,1.7086090604081068,0.0
994,1.5139153328700274,1.9654866361203025,0.0
179,1.5710220071880898,1.6570987790203304,0.0
801,-2.2317008238265106,-1.5939140627617168,1.0
581,-1.8969513773027837,-2.1638123686064588,1.0
151,2.388687205228874,1.7976156097229714,0.0
369,1.7605469991985925,1.7922814145332044,0.0
904,-1.6186971145341147,-2.4161479376328208,1.0
769,-2.1855505997243356,-1.5328362388747294,1.0
161,-1.14544982856369,-2.7243884040732653,1.0
662,2.6097898051565305,1.344572901320738,0.0
136,3.808819843639978,1.546301839463529,0.0
576,-1.8404728668426618,-2.3032158779054157,1.0
101,-2.9150670381483965,-1.416048534024386,1.0
778,-1.6233304222841034,-2.17076154150653,1.0
198,2.1492975693838896,2.0375125411176453,0.0
982,2.0510626235885763,2.6528975067077836,0.0
23,-2.217563166229861,-1.2814148038955167,1.0
167,-2.064287732642224,-2.237259835102282,1.0
379,-2.4670134377172555,-1.6239547534585228,1.0
751,-1.612067652784666,-1.9344859631228701,1.0
520,2.9008521291654032,2.4487618973548053,0.0
742,-2.0640563872905977,-1.8164005457608408,1.0
483,0.8829017087183988,1.982006774526068,0.0
17,2.542632990007357,2.031971654451766,0.0
253,1.3725283967399253,1.8778959998353735,0.0
350,-1.7181126708031087,-2.604504497424863,1.0
839,1.4084728061870915,2.44985884308217,0.0
226,2.0227609666575286,2.601447861260114,0.0
25,2.5538683235962223,1.869032224704598,0.0
593,-1.6139704107460255,-1.6970336270981707,1.0
578,-2.345802722512792,-2.1321335705873135,1.0
982,-1.2086072377886534,-2.1690457905546654,1.0
663,1.4470471465369927,0.9968218853552782,0.0
15,-2.170687120663643,-1.9383816660831574,1.0
525,1.7087243733428272,1.3521069946050512,0.0
267,2.2808984080043935,1.2678527861999078,0.0
205,0.756171123401731,3.14937142167207,0.0
138,0.6510690093573388,1.941942220354678,0.0
886,2.5526382408642396,3.140802942765755,0.0
861,1.1066875302977865,1.8864929097332483,0.0
571,1.5921354437936435,2.886273343661064,0.0
467,2.14389799690296,2.195523894851134,0.0
254,-1.2374177316741117,-2.2410519690151474,1.0
424,1.3932854444421363,2.878563445883541,0.0
391,-2.613384651783978,-2.3249334211323447,1.0
240,1.607308240417413,2.041776091523589,0.0
25,-2.1047823706208617,-1.9038180415199943,1.0
717,0.9625073677878175,1.9980066776848138,0.0
432,-2.2066930798969233,-2.7446415554688848,1.0
18,-2.2859644958819936,-1.2903055829757935,1.0
622,-2.0350134068287424,-1.8236586361785685,1.0
901,2.636759493910758,2.42096713719604,0.0
595,1.84862957028045,1.7282182454846633,0.0
276,-1.7048597270800974,-1.5787691177828567,1.0
234,1.494671321701631,1.7546588647993544,0.0
85,2.8650824034211286,0.8869879747233849,0.0
715,3.3135123490779717,1.8695457664636959,0.0
38,2.2360234289870173,1.3923806956971159,0.0
547,2.240810244609151,1.7362648404677707,0.0
912,-2.6622446094323835,-2.2997457103534074,1.0
745,-1.4162455882921932,-2.125466774473886,1.0
230,-2.3100405279670517,-2.0495814096646185,1.0
940,2.972473817587768,1.469436339016915,0.0
715,-3.0194661859793013,-2.238527077990926,1.0
489,2.6603275238949404,2.011581601307717,0.0
367,1.6539138689955568,1.767592026862365,0.0
940,-1.0084169425095184,-1.4903395948251097,1.0
797,-1.894173507619202,-1.6974025366309797,1.0
439,2.652946331926984,1.465663366752775,0.0
133,-2.0038089882504915,-2.7326572900199126,1.0
641,-2.1432678620362062,-2.1903242873586737,1.0
871,1.8504648695827093,2.2573222175354006,0.0
507,1.9112025342404007,3.642163275321481,0.0
375,-2.0476950772773033,-1.550736221798636,1.0
972,2.8082213739051176,1.417770470637371,0.0
755,-1.489802656680721,-1.852931419309013,1.0
563,-2.3991857645802894,-1.3872514180603712,1.0
26,-2.383425077062711,-0.890303179818543,1.0
624,2.217958619461581,2.0559908511081693,0.0
338,2.6605304695500482,2.0436758698558375,0.0
725,-3.240132337101516,-2.3952701317588727,1.0
491,1.6063333336343375,3.4291905688689592,0.0
145,2.7934528363323556,2.1491565063012965,0.0
881,-1.6390164302025916,-1.5193269618450214,1.0
980,2.58565093275484,1.2208459407800172,0.0
833,-2.1713608385853047,-2.272327766348742,1.0
116,1.4796391492825487,1.9647203160332802,0.0
577,-1.8407846016894158,-1.26707664229476,1.0
601,3.455887555287742,1.7927881698600956,0.0
140,-1.9438377611505668,-1.5614255614185308,1.0
184,-2.3651752238386234,-2.2884301392343844,1.0
994,-2.05521479263446,-1.9251027964228642,1.0
699,-2.2993485007105674,-2.910103651268625,1.0
181,1.8019745158657965,1.450968015000508,0.0
426,1.088570524425787,1.6238727738512584,0.0
607,2.3037070487349105,0.5687835817360982,0.0
322,-1.9417419708147854,-1.6077367493865582,1.0
20,1.6413614212476246,1.502050413095097,0.0
853,1.5791672981813274,2.2891151643721543,0.0
849,1.8321674905302763,1.8720048323279732,0.0
944,2.3057084568585964,2.957175430129261,0.0
244,-1.4042235194321364,-1.887381803035668,1.0
176,-1.7917014522867916,-2.6929135282184946,1.0
340,-1.4120190952364229,-2.11026809527858,1.0
301,1.9927018917012849,1.32661893165436,0.0
378,1.5499312730586285,2.0403567000098906,0.0
636,1.8117684148204036,1.770739758652844,0.0
705,2.553399646899431,2.507700246936684,0.0
86,-1.9454389749798298,-1.5820801853700197,1.0
384,-1.4873338574434554,-2.336232054422167,1.0
156,1.7054307209738073,2.1427739488027333,0.0
323,-2.215800357772955,-2.1051795844392522,1.0
349,-2.118568121486563,-2.262523787827057,1.0
658,2.026995637118627,1.1566422069630424,0.0
8,-2.3528001554230387,-1.8166239352052587,1.0
496,2.7331236002165693,4.020147016157961,0.0
265,-2.184826252813167,-1.5699989494408824,1.0
0,-2.2073786071257953,-2.538175724012598,1.0
761,-2.355712687687022,-1.8145629309576004,1.0
249,-2.5902480881505863,-1.5934103820789485,1.0
21,2.546730136496963,2.288036689468001,0.0
108,2.1248802120708987,2.396719891561263,0.0
574,-1.8565327163414915,-1.8318907910519273,1.0
857,-2.3051958176606733,-2.1258687539699728,1.0
372,1.354071357748659,1.4668624740119196,0.0
284,1.889050779569631,3.597112927346112,0.0
423,-1.833851041036156,-2.072520859930464,1.0
442,1.637661193715024,1.687440536681895,0.0
883,-2.1036019457491286,-1.6233345449648964,1.0
929,-2.6014579965338624,-1.4935502892953827,1.0
761,1.6448814397680627,2.2256644118941695,0.0
469,-1.9691517188125338,-0.7594355416636962,1.0
115,1.0199893487514131,1.5046962788313751,0.0
173,-2.3819282882883446,-2.66338445814139,1.0
883,2.7100331959460746,0.5927130409471499,0.0
123,3.324778270898716,2.962452994151329,0.0
54,1.1569533226852156,2.5173517308231377,0.0
529,3.1970327204521327,2.6122048312281296,0.0
627,2.4399452257592236,1.579104753468731,0.0
363,-1.8574128360520936,-1.128065343864705,1.0
560,-1.4757396706814918,-2.3877575381042266,1.0
575,1.5914142359288723,1.7760564709671252,0.0
204,-1.218876924555082,-1.469368567729445,1.0
727,-1.880326810619573,-1.5698232228754772,1.0
585,-2.1287701985413285,-1.7992440014274544,1.0
147,1.4138165662019717,3.636253119268235,0.0
787,-1.973893982135343,-1.3294276758570571,1.0
164,1.2167748885973002,1.5235841072893237,0.0
255,1.987185789550065,1.6115741808450033,0.0
399,2.5207397113979413,1.163565542471841,0.0
502,-1.1525239087555494,-2.4093806915542975,1.0
160,3.1841084303614076,2.513230967514972,0.0
356,1.5060922492138193,0.8416489004953469,0.0
280,-2.5048351256606796,-2.9609706037683265,1.0
223,-2.398004428373023,-1.2391370473108947,1.0
341,2.827908864330193,1.7841164446369973,0.0
950,-2.2236244589070138,-2.5541623051902658,1.0
613,-2.220237414081577,-1.9262536038939333,1.0
201,1.7676356985116337,0.9400731613850084,0.0
39,3.1940899173846056,0.7305984014890297,0.0
72,1.8588073291882496,1.928376324880551,0.0
353,-2.9044039932941486,-1.0705784014763924,1.0
936,3.041982642717242,2.3200494210303626,0.0
588,-1.5965314959472257,-1.9926988330516247,1.0
215,-1.6718519889711136,-2.284901369596146,1.0
59,2.4426931467915662,2.5469675409290877,0.0
589,-1.6812184180376175,-2.4951225648826245,1.0
523,2.980278555416956,2.7817160735109554,0.0
58,0.6128955462915999,2.3808079487963596,0.0
288,-1.9808205850866867,-1.985543092948848,1.0
855,2.8979456735673077,0.8583635773246805,0.0
358,-1.9886113966391759,-2.585008204856957,1.0
91,1.220722474383097,1.998734073641197,0.0
763,-3.1594608540707823,-1.5353651410486857,1.0
846,-1.2628236719806094,-1.3003129135521694,1.0
989,1.3445464237646911,0.4327585655749264,0.0
628,1.7353822175492672,1.6080334626648307,0.0
555,2.0626737939286515,0.9834584078238764,0.0
119,-2.028650160748167,-1.7562701970139751,1.0
32,3.3504684257269393,3.249725580665113,0.0
219,-1.616575489130001,-2.8589504604742055,1.0
189,1.0382600154189885,2.290386335531559,0.0
747,2.8532635097794783,1.0118027975098451,0.0
699,1.808859820994574,2.0048512074177407,0.0
967,-1.595760464026121,-2.099514081636244,1.0
300,-1.5802804339354846,-1.839771989134183,1.0
127,1.4992607979753827,1.3745280111094598,0.0
137,1.725448862337414,2.157945737760309,0.0
12,1.3177103388004818,2.577367860075084,0.0
800,-1.2425381623406804,-2.082860899130863,1.0
889,1.9067669442650435,2.279074910582334,0.0
453,2.902203333679116,2.7272548235000307,0.0
260,1.4767184211253093,1.2122735676884941,0.0
135,-1.8923310957704294,-1.9505079930651195,1.0
486,-2.4947128272104417,-2.608505096712753,1.0
896,-2.4199089400184457,-1.3251199536145983,1.0
646,-1.9671244632776215,-1.883207294662785,1.0
778,2.152053092003415,2.5228065019437174,0.0
531,-2.384966696940401,-1.8848674214847352,1.0
937,0.42903785426024843,2.5645041694702257,0.0
110,-2.191816747593422,-1.5934376634366065,1.0
801,2.3615745083172905,0.832350470075431,0.0
95,-2.253590346063696,-1.9468718586647744,1.0
976,2.0183486696662873,1.2379438415396367,0.0
798,-1.772016394819801,-1.9075764486680262,1.0
422,2.2439026716958965,2.216469610937537,0.0
315,1.7934799057302266,1.4875311991119258,0.0
621,2.1892464539757523,2.1147257166579947,0.0
224,-2.818920154007755,-1.6187926553647562,1.0
741,-1.6018599610797963,-1.2325639277643208,1.0
501,2.256031449226197,2.8607477975030706,0.0
868,-1.9549749420912168,-1.1207108599385436,1.0
952,1.1536252999042542,1.7407683602908384,0.0
279,2.7352128123800385,1.0322972267205088,0.0
128,-2.1211501610836887,-1.101037402626062,1.0
196,1.914260206106072,1.5205399368259997,0.0
175,2.712509440149125,1.3601809829316982,0.0
482,2.3303685645579777,1.4538418790067698,0.0
69,1.314027709730111,2.5490909168833658,0.0
930,0.7666846256188784,2.300987407146109,0.0
911,1.413719391968494,3.5080685426309515,0.0
333,-1.8076432216399805,-1.6668455945771283,1.0
867,1.1554963482950296,1.8963774161196878,0.0
990,2.5040471601720844,1.8917478848599352,0.0
73,1.2574752915880512,3.117075909203647,0.0
865,-2.514955917270382,-2.654311817488112,1.0
327,1.2884582605214805,1.7668539459130683,0.0
348,2.481059696818301,1.2970750272614449,0.0
182,-2.3403878063603654,-1.893881213500748,1.0
618,-2.5946788855828755,-1.437631535389711,1.0
731,-1.7036517629994332,-2.894265201017223,1.0
97,-3.1697018151738297,-3.1943855132808006,1.0
263,-1.3722245827442163,-2.039239630764171,1.0
942,1.398608826351803,3.1511235899833556,0.0
165,-2.4951514801138814,-1.6569487726096215,1.0
997,2.2538352195905507,1.3035214194030136,0.0
668,-2.0250106699462163,-2.0087910574731866,1.0
15,1.2954477843477643,3.865274413585099,0.0
870,-2.1833316205536226,-1.8431106979431737,1.0
53,1.5311922978413575,0.49150517088446444,0.0
227,-2.984977221300449,-2.173090200672815,1.0
736,1.8683061254770033,2.025516080350051,0.0
113,3.396407800171279,2.8897527725907204,0.0
803,-1.805820906920323,-2.041181632545484,1.0
